date,region,product,units_sold,revenue,returns
2026-01-01,North,A,108,10694.52,4
2026-01-01,North,B,73,8450.44,3
2026-01-01,North,C,68,10135.12,3
2026-01-01,South,A,97,9209.81,2
2026-01-01,South,B,82,10511.2,3
2026-01-01,South,C,62,9422.88,3
2026-01-01,East,A,85,8523.54,1
2026-01-01,East,B,75,9527.04,3
2026-01-01,East,C,55,8178.09,1
2026-01-02,North,A,105,9808.94,4
2026-01-02,North,B,92,10293.93,2
2026-01-02,North,C,65,9159.54,1
2026-01-02,South,A,104,10528.09,1
2026-01-02,South,B,81,9097.56,3
2026-01-02,South,C,61,8649.58,1
2026-01-02,East,A,83,7516.74,3
2026-01-02,East,B,74,9060.41,2
2026-01-02,East,C,56,8349.96,1
2026-01-03,North,A,95,9022.21,2
2026-01-03,North,B,88,10261.73,3
2026-01-03,North,C,72,10615.93,1
2026-01-03,South,A,95,9036.81,2
2026-01-03,South,B,77,9394.66,3
2026-01-03,South,C,67,9599.3,2
2026-01-03,East,A,77,7292.04,3
2026-01-03,East,B,75,8733.08,3
2026-01-03,East,C,56,7659.51,1
2026-01-04,North,A,98,9359.77,2
2026-01-04,North,B,90,10505.6,4
2026-01-04,North,C,70,9976.24,2
2026-01-04,South,A,111,10145.98,3
2026-01-04,South,B,82,10132.68,1
2026-01-04,South,C,71,9922.07,3
2026-01-04,East,A,87,8646.62,1
2026-01-04,East,B,65,7897.22,1
2026-01-04,East,C,67,9795.52,2
2026-01-05,North,A,89,8462.09,3
2026-01-05,North,B,84,10872.92,3
2026-01-05,North,C,69,9311.49,2
2026-01-05,South,A,98,9272.12,1
2026-01-05,South,B,78,9247.15,2
2026-01-05,South,C,75,10811.43,2
2026-01-05,East,A,97,9422.31,2
2026-01-05,East,B,70,8497.27,2
2026-01-05,East,C,52,7643.93,2
2026-01-06,North,A,107,10724.65,4
2026-01-06,North,B,85,10462.07,3
2026-01-06,North,C,71,9380.07,1
2026-01-06,South,A,113,11011.74,4
2026-01-06,South,B,74,9223.47,3
2026-01-06,South,C,64,9601.61,1
2026-01-06,East,A,91,7989.08,3
2026-01-06,East,B,69,7971.26,3
2026-01-06,East,C,63,8900.86,1
2026-01-07,North,A,112,10719.41,3
2026-01-07,North,B,92,10563.39,4
2026-01-07,North,C,69,9951.42,1
2026-01-07,South,A,100,10516.28,3
2026-01-07,South,B,76,8433.4,3
2026-01-07,South,C,66,9563.14,3
2026-01-07,East,A,75,6914.5,3
2026-01-07,East,B,88,10310.49,3
2026-01-07,East,C,51,7921.62,1
2026-01-08,North,A,99,10194.13,1
2026-01-08,North,B,86,11267.11,2
2026-01-08,North,C,69,9733.33,1
2026-01-08,South,A,99,9726.77,1
2026-01-08,South,B,83,10501.19,3
2026-01-08,South,C,66,9666.1,3
2026-01-08,East,A,86,8540.91,2
2026-01-08,East,B,84,9879.25,2
2026-01-08,East,C,61,9453.94,1
2026-01-09,North,A,113,11574.3,5
2026-01-09,North,B,81,9562.82,3
2026-01-09,North,C,69,10148.29,2
2026-01-09,South,A,112,10695.92,4
2026-01-09,South,B,84,9744.22,2
2026-01-09,South,C,74,11099.38,2
2026-01-09,East,A,91,8500.1,4
2026-01-09,East,B,79,9886.37,2
2026-01-09,East,C,68,9947.65,2
2026-01-10,North,A,110,11118.63,2
2026-01-10,North,B,95,11084.56,3
2026-01-10,North,C,75,10867.89,3
2026-01-10,South,A,100,9065.41,3
2026-01-10,South,B,87,9821.95,2
2026-01-10,South,C,59,8878.62,2
2026-01-10,East,A,96,9340.58,4
2026-01-10,East,B,78,8689.76,3
2026-01-10,East,C,63,9845.07,2
2026-01-11,North,A,117,11287.83,3
2026-01-11,North,B,92,10900.65,2
2026-01-11,North,C,71,10656.82,3
2026-01-11,South,A,93,9482.24,3
2026-01-11,South,B,77,9290.86,2
2026-01-11,South,C,73,10625.34,1
2026-01-11,East,A,110,9707.33,3
2026-01-11,East,B,73,9533.85,3
2026-01-11,East,C,54,7585.98,1
2026-01-12,North,A,115,10248.11,5
2026-01-12,North,B,91,11295.38,1
2026-01-12,North,C,73,10957.98,1
2026-01-12,South,A,96,9555.52,2
2026-01-12,South,B,81,9504.16,1
2026-01-12,South,C,70,9537.66,1
2026-01-12,East,A,75,7661.49,3
2026-01-12,East,B,77,9509.73,1
2026-01-12,East,C,57,8435.49,2
2026-01-13,North,A,112,10220.25,4
2026-01-13,North,B,84,10561.48,4
2026-01-13,North,C,64,9210.05,1
2026-01-13,South,A,101,9836.19,1
2026-01-13,South,B,80,9004.93,3
2026-01-13,South,C,65,9421.37,3
2026-01-13,East,A,90,8904.46,3
2026-01-13,East,B,83,10204.74,2
2026-01-13,East,C,70,10425.11,1
2026-01-14,North,A,121,11822.02,4
2026-01-14,North,B,93,10619.23,3
2026-01-14,North,C,66,9770.14,2
2026-01-14,South,A,111,10720.56,4
2026-01-14,South,B,82,9925.54,3
2026-01-14,South,C,72,10429.57,2
2026-01-14,East,A,95,8968.74,4
2026-01-14,East,B,76,8856.2,2
2026-01-14,East,C,57,8388.05,1
2026-01-15,North,A,121,11925.52,3
2026-01-15,North,B,89,10150.44,1
2026-01-15,North,C,61,8929.85,1
2026-01-15,South,A,97,8610.31,4
2026-01-15,South,B,100,11498.2,3
2026-01-15,South,C,58,8459.41,1
2026-01-15,East,A,100,9804.02,2
2026-01-15,East,B,82,9118.41,3
2026-01-15,East,C,67,10424.36,2
2026-01-16,North,A,125,11850.82,3
2026-01-16,North,B,89,10791.84,1
2026-01-16,North,C,64,9198.9,2
2026-01-16,South,A,83,7757.53,3
2026-01-16,South,B,86,10101.35,3
2026-01-16,South,C,68,10145.79,1
2026-01-16,East,A,97,9422.27,4
2026-01-16,East,B,76,8576.42,3
2026-01-16,East,C,55,7778.35,1
2026-01-17,North,A,111,10303.81,2
2026-01-17,North,B,99,12117.23,4
2026-01-17,North,C,76,10555.94,1
2026-01-17,South,A,105,9975.3,5
2026-01-17,South,B,94,11201.26,4
2026-01-17,South,C,54,7398.97,2
2026-01-17,East,A,100,9026.38,3
2026-01-17,East,B,79,8719.14,2
2026-01-17,East,C,70,9723.57,1
2026-01-18,North,A,101,9299.32,4
2026-01-18,North,B,94,11026.14,4
2026-01-18,North,C,80,11211.26,3
2026-01-18,South,A,110,10320.43,1
2026-01-18,South,B,78,8763.66,3
2026-01-18,South,C,63,9113.12,1
2026-01-18,East,A,90,8420.33,1
2026-01-18,East,B,79,9493.96,2
2026-01-18,East,C,59,8069.49,2
2026-01-19,North,A,127,11665.16,4
2026-01-19,North,B,90,10929.52,1
2026-01-19,North,C,77,10646.47,3
2026-01-19,South,A,121,11673.65,2
2026-01-19,South,B,89,9781.83,3
2026-01-19,South,C,68,10064.49,1
2026-01-19,East,A,107,10861.25,1
2026-01-19,East,B,72,8905.69,2
2026-01-19,East,C,53,7235.76,1
2026-01-20,North,A,112,10367.93,5
2026-01-20,North,B,89,10751.79,3
2026-01-20,North,C,69,10447.07,1
2026-01-20,South,A,124,12003.71,5
2026-01-20,South,B,91,11420.96,3
2026-01-20,South,C,65,9871.42,1
2026-01-20,East,A,91,8496.89,2
2026-01-20,East,B,84,9413.3,1
2026-01-20,East,C,50,7221.71,1
2026-01-21,North,A,123,11807.9,3
2026-01-21,North,B,100,11425.69,2
2026-01-21,North,C,72,10435.06,1
2026-01-21,South,A,95,9429.02,3
2026-01-21,South,B,75,8940.32,3
2026-01-21,South,C,67,9009.17,2
2026-01-21,East,A,88,8724.76,4
2026-01-21,East,B,71,8681.83,1
2026-01-21,East,C,64,9586.28,1
2026-01-22,North,A,120,11291.32,4
2026-01-22,North,B,100,11504.6,4
2026-01-22,North,C,74,10992.9,1
2026-01-22,South,A,101,9412.53,4
2026-01-22,South,B,78,9859.11,2
2026-01-22,South,C,63,9415.46,2
2026-01-22,East,A,105,10415.17,1
2026-01-22,East,B,80,9751.27,1
2026-01-22,East,C,55,8253.63,1
2026-01-23,North,A,116,11053.59,2
2026-01-23,North,B,85,10500.14,4
2026-01-23,North,C,73,11623.48,2
2026-01-23,South,A,104,9668.38,3
2026-01-23,South,B,78,9287.87,2
2026-01-23,South,C,70,9320.8,1
2026-01-23,East,A,103,10472.4,2
2026-01-23,East,B,73,8826.1,2
2026-01-23,East,C,68,9692.31,3
2026-01-24,North,A,110,10472.57,4
2026-01-24,North,B,95,11234.92,4
2026-01-24,North,C,71,10164.72,3
2026-01-24,South,A,100,9440.13,3
2026-01-24,South,B,73,8492.97,2
2026-01-24,South,C,74,10595.57,2
2026-01-24,East,A,87,7858.16,3
2026-01-24,East,B,76,9945.6,1
2026-01-24,East,C,71,10962.64,3
2026-01-25,North,A,115,12453.22,3
2026-01-25,North,B,88,10337.84,2
2026-01-25,North,C,79,11604.46,1
2026-01-25,South,A,107,9428.35,5
2026-01-25,South,B,79,9776.82,3
2026-01-25,South,C,64,9001.12,2
2026-01-25,East,A,91,8998.1,2
2026-01-25,East,B,83,9182.26,1
2026-01-25,East,C,62,9047.82,3
2026-01-26,North,A,115,10182.2,5
2026-01-26,North,B,85,10965.74,2
2026-01-26,North,C,59,8010.6,2
2026-01-26,South,A,101,9787.4,4
2026-01-26,South,B,81,9689.27,2
2026-01-26,South,C,70,9810.7,1
2026-01-26,East,A,91,8941.06,1
2026-01-26,East,B,79,8964.05,2
2026-01-26,East,C,65,9889.04,3
2026-01-27,North,A,126,12640.64,2
2026-01-27,North,B,91,10563.48,3
2026-01-27,North,C,73,10457.74,2
2026-01-27,South,A,102,10094.61,4
2026-01-27,South,B,94,10971.61,3
2026-01-27,South,C,62,9411.5,1
2026-01-27,East,A,97,9612.82,3
2026-01-27,East,B,80,9687.03,4
2026-01-27,East,C,64,8485.71,1
2026-01-28,North,A,118,11191.66,3
2026-01-28,North,B,89,10570.08,3
2026-01-28,North,C,83,11125.42,3
2026-01-28,South,A,104,9487.79,1
2026-01-28,South,B,92,11268.64,3
2026-01-28,South,C,69,9251.27,2
2026-01-28,East,A,104,9362.42,3
2026-01-28,East,B,81,9926.49,3
2026-01-28,East,C,64,9098.77,3
2026-01-29,North,A,111,10834.28,5
2026-01-29,North,B,106,12419.3,3
2026-01-29,North,C,78,11275.01,2
2026-01-29,South,A,104,9968.42,3
2026-01-29,South,B,86,10921.38,3
2026-01-29,South,C,72,10316.9,1
2026-01-29,East,A,91,8163.53,3
2026-01-29,East,B,78,9422.97,2
2026-01-29,East,C,64,9028.54,2
2026-01-30,North,A,94,8020.79,2
2026-01-30,North,B,93,11797.77,2
2026-01-30,North,C,71,10433.79,3
2026-01-30,South,A,112,11106.84,4
2026-01-30,South,B,79,9675.73,3
2026-01-30,South,C,64,9235.33,3
2026-01-30,East,A,88,7758.81,3
2026-01-30,East,B,79,9037.59,1
2026-01-30,East,C,63,9269.51,2
2026-01-31,North,A,112,10828.1,4
2026-01-31,North,B,88,10580.94,3
2026-01-31,North,C,82,12080.06,1
2026-01-31,South,A,102,9085.27,2
2026-01-31,South,B,94,10938.24,4
2026-01-31,South,C,69,10390.72,1
2026-01-31,East,A,96,8645.64,4
2026-01-31,East,B,82,9696.13,2
2026-01-31,East,C,66,9167.62,3
2026-02-01,North,A,112,11307.09,5
2026-02-01,North,B,102,12543.5,1
2026-02-01,North,C,76,11349.44,3
2026-02-01,South,A,97,9652.41,4
2026-02-01,South,B,83,9883.38,1
2026-02-01,South,C,68,9993.6,2
2026-02-01,East,A,87,8664.19,2
2026-02-01,East,B,76,9383.95,3
2026-02-01,East,C,61,8378.68,2
2026-02-02,North,A,110,10776.2,3
2026-02-02,North,B,102,12503.67,3
2026-02-02,North,C,73,9687.0,1
2026-02-02,South,A,99,9529.56,1
2026-02-02,South,B,82,10470.61,2
2026-02-02,South,C,73,10616.98,2
2026-02-02,East,A,96,9388.2,4
2026-02-02,East,B,69,8364.93,1
2026-02-02,East,C,54,7499.97,2
2026-02-03,North,A,129,12708.76,4
2026-02-03,North,B,78,9213.63,3
2026-02-03,North,C,64,9216.68,1
2026-02-03,South,A,107,10742.59,4
2026-02-03,South,B,89,10588.16,4
2026-02-03,South,C,69,10157.25,2
2026-02-03,East,A,102,9684.35,2
2026-02-03,East,B,90,10714.95,2
2026-02-03,East,C,56,8120.33,1
2026-02-04,North,A,111,10092.16,3
2026-02-04,North,B,86,10551.4,3
2026-02-04,North,C,70,9510.18,1
2026-02-04,South,A,92,8397.37,1
2026-02-04,South,B,94,11539.7,3
2026-02-04,South,C,71,10806.98,2
2026-02-04,East,A,90,8754.78,1
2026-02-04,East,B,70,8426.39,2
2026-02-04,East,C,57,8631.4,1
2026-02-05,North,A,126,11315.95,3
2026-02-05,North,B,88,10645.53,4
2026-02-05,North,C,62,8517.05,2
2026-02-05,South,A,116,11289.5,3
2026-02-05,South,B,80,9710.3,1
2026-02-05,South,C,64,9075.49,1
2026-02-05,East,A,91,8515.4,4
2026-02-05,East,B,81,9841.4,1
2026-02-05,East,C,68,10008.73,2
2026-02-06,North,A,112,11798.58,3
2026-02-06,North,B,90,9777.04,2
2026-02-06,North,C,77,11646.14,2
2026-02-06,South,A,103,10280.85,2
2026-02-06,South,B,81,8789.57,2
2026-02-06,South,C,71,9601.49,1
2026-02-06,East,A,87,7498.7,3
2026-02-06,East,B,82,8937.43,3
2026-02-06,East,C,67,9633.91,1
2026-02-07,North,A,119,11259.46,2
2026-02-07,North,B,105,13272.25,3
2026-02-07,North,C,79,11465.57,2
2026-02-07,South,A,90,9274.91,3
2026-02-07,South,B,73,9257.41,2
2026-02-07,South,C,61,8536.5,2
2026-02-07,East,A,108,10977.32,4
2026-02-07,East,B,76,9311.3,1
2026-02-07,East,C,58,8655.94,1
2026-02-08,North,A,105,10207.37,1
2026-02-08,North,B,95,11216.14,4
2026-02-08,North,C,75,10577.46,2
2026-02-08,South,A,100,9953.28,4
2026-02-08,South,B,90,11225.75,4
2026-02-08,South,C,74,10676.77,3
2026-02-08,East,A,100,8802.28,1
2026-02-08,East,B,79,9502.51,3
2026-02-08,East,C,68,8659.03,2
2026-02-09,North,A,109,10619.58,1
2026-02-09,North,B,83,9415.9,4
2026-02-09,North,C,81,12311.81,1
2026-02-09,South,A,117,11421.87,5
2026-02-09,South,B,74,8972.19,1
2026-02-09,South,C,64,9679.91,3
2026-02-09,East,A,98,9476.44,4
2026-02-09,East,B,90,10934.45,2
2026-02-09,East,C,56,8535.56,2
2026-02-10,North,A,111,10339.21,2
2026-02-10,North,B,101,11583.58,3
2026-02-10,North,C,77,11166.92,3
2026-02-10,South,A,94,8785.85,3
2026-02-10,South,B,83,8976.8,2
2026-02-10,South,C,72,10567.3,2
2026-02-10,East,A,104,9969.7,5
2026-02-10,East,B,85,9657.98,1
2026-02-10,East,C,63,8836.02,2
2026-02-11,North,A,109,10185.62,2
2026-02-11,North,B,93,10721.2,2
2026-02-11,North,C,74,10393.46,3
2026-02-11,South,A,90,8297.64,1
2026-02-11,South,B,91,9949.79,4
2026-02-11,South,C,65,9170.79,1
2026-02-11,East,A,105,10457.48,4
2026-02-11,East,B,78,8937.05,2
2026-02-11,East,C,54,8054.54,1
2026-02-12,North,A,110,10121.35,1
2026-02-12,North,B,82,9221.81,3
2026-02-12,North,C,65,8910.81,1
2026-02-12,South,A,104,10185.8,2
2026-02-12,South,B,83,10161.36,1
2026-02-12,South,C,69,9393.1,1
2026-02-12,East,A,94,9100.18,3
2026-02-12,East,B,64,6652.36,3
2026-02-12,East,C,59,8602.68,1
2026-02-13,North,A,108,10612.12,3
2026-02-13,North,B,92,10543.88,1
2026-02-13,North,C,66,8724.37,3
2026-02-13,South,A,113,10804.07,3
2026-02-13,South,B,82,9672.05,2
2026-02-13,South,C,61,9056.77,1
2026-02-13,East,A,87,7936.46,3
2026-02-13,East,B,72,9101.12,3
2026-02-13,East,C,59,8243.57,2
2026-02-14,North,A,99,9497.85,4
2026-02-14,North,B,91,10373.61,2
2026-02-14,North,C,70,9847.19,3
2026-02-14,South,A,90,9320.85,4
2026-02-14,South,B,85,10392.24,3
2026-02-14,South,C,62,8495.02,1
2026-02-14,East,A,99,9589.8,3
2026-02-14,East,B,67,7741.82,3
2026-02-14,East,C,62,9075.06,1
2026-02-15,North,A,99,9671.16,3
2026-02-15,North,B,79,10190.99,2
2026-02-15,North,C,72,9881.29,1
2026-02-15,South,A,98,9626.7,4
2026-02-15,South,B,86,9900.19,2
2026-02-15,South,C,61,9046.18,2
2026-02-15,East,A,100,9633.22,4
2026-02-15,East,B,84,10852.06,2
2026-02-15,East,C,55,7743.8,2
2026-02-16,North,A,118,11491.17,5
2026-02-16,North,B,87,10407.11,3
2026-02-16,North,C,68,9576.18,2
2026-02-16,South,A,99,9379.53,4
2026-02-16,South,B,78,9736.95,3
2026-02-16,South,C,64,9583.77,3
2026-02-16,East,A,97,9738.61,2
2026-02-16,East,B,74,9270.38,1
2026-02-16,East,C,60,8452.21,2
2026-02-17,North,A,107,9907.77,2
2026-02-17,North,B,87,10948.06,3
2026-02-17,North,C,66,9361.67,2
2026-02-17,South,A,95,8919.14,2
2026-02-17,South,B,78,9677.77,3
2026-02-17,South,C,62,8694.72,3
2026-02-17,East,A,87,8672.47,3
2026-02-17,East,B,89,10997.46,4
2026-02-17,East,C,57,7454.79,2
2026-02-18,North,A,124,12062.77,2
2026-02-18,North,B,87,9358.82,3
2026-02-18,North,C,69,9587.19,3
2026-02-18,South,A,95,8932.47,1
2026-02-18,South,B,72,9550.93,1
2026-02-18,South,C,65,8936.08,2
2026-02-18,East,A,91,8448.65,3
2026-02-18,East,B,66,8209.37,2
2026-02-18,East,C,58,8177.33,1
2026-02-19,North,A,120,10677.77,4
2026-02-19,North,B,83,10423.72,2
2026-02-19,North,C,75,10399.71,2
2026-02-19,South,A,94,9384.12,3
2026-02-19,South,B,96,11429.5,3
2026-02-19,South,C,60,8193.72,2
2026-02-19,East,A,89,9098.76,2
2026-02-19,East,B,91,11037.81,3
2026-02-19,East,C,59,9023.91,2
2026-02-20,North,A,109,10548.35,3
2026-02-20,North,B,98,12220.27,3
2026-02-20,North,C,64,9612.43,3
2026-02-20,South,A,86,8776.8,1
2026-02-20,South,B,81,9672.22,3
2026-02-20,South,C,62,8829.93,3
2026-02-20,East,A,87,8391.83,3
2026-02-20,East,B,71,7775.23,3
2026-02-20,East,C,58,8448.61,3
2026-02-21,North,A,90,8791.25,2
2026-02-21,North,B,84,9980.94,2
2026-02-21,North,C,68,9753.99,1
2026-02-21,South,A,103,9840.46,3
2026-02-21,South,B,90,10281.32,3
2026-02-21,South,C,64,9489.32,2
2026-02-21,East,A,90,8464.26,3
2026-02-21,East,B,68,8278.32,1
2026-02-21,East,C,51,6850.75,2
2026-02-22,North,A,97,9907.74,2
2026-02-22,North,B,89,11136.17,1
2026-02-22,North,C,65,10088.61,1
2026-02-22,South,A,87,8071.98,1
2026-02-22,South,B,87,10153.62,1
2026-02-22,South,C,67,9687.43,1
2026-02-22,East,A,85,7672.4,4
2026-02-22,East,B,63,8172.43,1
2026-02-22,East,C,50,7844.35,2
2026-02-23,North,A,107,10420.45,3
2026-02-23,North,B,88,10482.19,1
2026-02-23,North,C,65,8579.12,1
2026-02-23,South,A,93,9103.65,2
2026-02-23,South,B,73,8766.06,3
2026-02-23,South,C,63,8395.17,1
2026-02-23,East,A,90,8427.98,4
2026-02-23,East,B,76,8476.71,2
2026-02-23,East,C,44,6608.64,1
2026-02-24,North,A,93,9576.44,4
2026-02-24,North,B,94,10800.39,4
2026-02-24,North,C,63,9406.14,1
2026-02-24,South,A,94,9084.66,2
2026-02-24,South,B,90,10465.95,2
2026-02-24,South,C,59,8221.11,2
2026-02-24,East,A,73,6756.97,2
2026-02-24,East,B,67,8910.46,2
2026-02-24,East,C,59,8415.65,2
2026-02-25,North,A,97,8959.87,3
2026-02-25,North,B,82,9310.72,1
2026-02-25,North,C,67,9658.47,1
2026-02-25,South,A,96,9519.45,3
2026-02-25,South,B,78,10302.48,2
2026-02-25,South,C,67,10038.39,1
2026-02-25,East,A,92,8735.19,2
2026-02-25,East,B,71,8367.84,2
2026-02-25,East,C,54,7454.38,2
2026-02-26,North,A,110,11351.33,4
2026-02-26,North,B,89,10390.68,4
2026-02-26,North,C,80,11680.63,2
2026-02-26,South,A,99,10012.2,1
2026-02-26,South,B,72,8577.09,2
2026-02-26,South,C,72,10386.0,3
2026-02-26,East,A,89,8343.72,2
2026-02-26,East,B,75,8749.39,1
2026-02-26,East,C,57,7551.93,1
2026-02-27,North,A,83,7906.56,4
2026-02-27,North,B,83,9984.18,2
2026-02-27,North,C,72,10568.65,2
2026-02-27,South,A,99,9840.87,3
2026-02-27,South,B,74,8670.03,2
2026-02-27,South,C,65,8692.31,1
2026-02-27,East,A,79,8603.92,3
2026-02-27,East,B,73,8388.69,2
2026-02-27,East,C,55,7385.06,1
2026-02-28,North,A,107,10144.67,2
2026-02-28,North,B,92,11700.37,2
2026-02-28,North,C,66,9134.91,1
2026-02-28,South,A,97,9538.75,2
2026-02-28,South,B,65,8024.63,1
2026-02-28,South,C,57,8319.89,2
2026-02-28,East,A,87,8146.37,3
2026-02-28,East,B,73,8547.95,2
2026-02-28,East,C,58,8386.81,2
2026-03-01,North,A,89,8265.67,1
2026-03-01,North,B,81,9998.48,3
2026-03-01,North,C,76,10321.91,1
2026-03-01,South,A,99,10181.04,2
2026-03-01,South,B,82,9923.14,2
2026-03-01,South,C,64,9453.03,2
2026-03-01,East,A,82,8023.29,1
2026-03-01,East,B,85,10294.01,3
2026-03-01,East,C,57,7782.32,3
2026-03-02,North,A,98,9773.0,2
2026-03-02,North,B,88,10451.08,4
2026-03-02,North,C,82,11449.39,1
2026-03-02,South,A,89,8212.98,2
2026-03-02,South,B,78,8959.29,3
2026-03-02,South,C,64,9567.24,2
2026-03-02,East,A,92,8712.22,1
2026-03-02,East,B,79,9694.95,1
2026-03-02,East,C,70,9467.94,1
2026-03-03,North,A,97,9250.85,2
2026-03-03,North,B,88,10958.53,1
2026-03-03,North,C,71,10842.33,2
2026-03-03,South,A,82,7115.33,3
2026-03-03,South,B,78,10168.93,2
2026-03-03,South,C,66,9507.46,1
2026-03-03,East,A,89,8704.48,3
2026-03-03,East,B,71,8466.82,3
2026-03-03,East,C,57,8456.38,2
2026-03-04,North,A,100,9565.28,3
2026-03-04,North,B,91,10950.75,1
2026-03-04,North,C,63,9358.01,2
2026-03-04,South,A,91,8494.57,3
2026-03-04,South,B,79,8855.01,1
2026-03-04,South,C,63,9996.97,2
2026-03-04,East,A,91,8559.35,3
2026-03-04,East,B,66,8177.03,2
2026-03-04,East,C,53,8098.16,2
2026-03-05,North,A,92,9128.2,1
2026-03-05,North,B,74,9200.4,3
2026-03-05,North,C,62,8943.62,2
2026-03-05,South,A,104,10247.6,3
2026-03-05,South,B,85,9041.06,1
2026-03-05,South,C,63,9469.07,1
2026-03-05,East,A,92,8079.46,4
2026-03-05,East,B,74,9403.72,1
2026-03-05,East,C,57,7523.26,1
2026-03-06,North,A,99,9916.55,2
2026-03-06,North,B,93,11680.63,3
2026-03-06,North,C,71,10686.37,1
2026-03-06,South,A,99,10259.67,2
2026-03-06,South,B,86,11655.67,3
2026-03-06,South,C,60,8828.77,2
2026-03-06,East,A,68,6585.79,3
2026-03-06,East,B,83,10409.48,1
2026-03-06,East,C,61,9548.66,3
2026-03-07,North,A,108,10104.98,3
2026-03-07,North,B,100,12154.42,2
2026-03-07,North,C,74,9969.88,1
2026-03-07,South,A,79,7564.06,3
2026-03-07,South,B,73,9033.29,1
2026-03-07,South,C,60,9269.76,1
2026-03-07,East,A,95,9934.48,3
2026-03-07,East,B,60,7706.33,3
2026-03-07,East,C,56,8707.56,2
2026-03-08,North,A,109,10195.83,4
2026-03-08,North,B,77,9484.16,2
2026-03-08,North,C,74,10836.9,3
2026-03-08,South,A,93,9688.85,1
2026-03-08,South,B,85,9861.93,4
2026-03-08,South,C,57,8380.78,1
2026-03-08,East,A,85,8147.88,3
2026-03-08,East,B,72,8373.72,3
2026-03-08,East,C,50,7481.45,2
2026-03-09,North,A,91,8955.05,3
2026-03-09,North,B,72,8368.36,2
2026-03-09,North,C,63,8878.41,2
2026-03-09,South,A,91,8538.56,3
2026-03-09,South,B,80,9083.89,1
2026-03-09,South,C,64,8431.53,2
2026-03-09,East,A,81,7256.34,3
2026-03-09,East,B,78,9044.95,2
2026-03-09,East,C,60,7832.09,2
2026-03-10,North,A,117,11694.01,2
2026-03-10,North,B,100,11549.05,2
2026-03-10,North,C,59,8303.59,1
2026-03-10,South,A,94,8493.7,2
2026-03-10,South,B,85,9864.34,2
2026-03-10,South,C,57,8646.2,2
2026-03-10,East,A,85,8251.82,3
2026-03-10,East,B,69,8750.86,3
2026-03-10,East,C,55,8098.87,1
2026-03-11,North,A,89,8441.84,3
2026-03-11,North,B,84,10055.99,1
2026-03-11,North,C,65,9526.32,2
2026-03-11,South,A,92,9193.13,4
2026-03-11,South,B,73,8048.08,2
2026-03-11,South,C,66,10515.54,2
2026-03-11,East,A,89,8601.08,2
2026-03-11,East,B,72,9104.18,1
2026-03-11,East,C,58,8679.62,1
2026-03-12,North,A,111,11252.72,3
2026-03-12,North,B,85,9629.17,3
2026-03-12,North,C,71,10794.53,1
2026-03-12,South,A,105,10459.1,3
2026-03-12,South,B,84,9953.27,1
2026-03-12,South,C,63,8735.03,2
2026-03-12,East,A,88,8377.65,3
2026-03-12,East,B,71,8203.29,3
2026-03-12,East,C,66,9721.97,2
2026-03-13,North,A,114,11700.68,3
2026-03-13,North,B,87,10036.14,1
2026-03-13,North,C,63,8262.28,2
2026-03-13,South,A,101,9465.03,3
2026-03-13,South,B,84,9698.87,1
2026-03-13,South,C,73,10934.26,2
2026-03-13,East,A,87,7536.52,3
2026-03-13,East,B,70,8650.97,3
2026-03-13,East,C,64,8921.51,3
2026-03-14,North,A,119,10649.99,3
2026-03-14,North,B,89,10997.83,2
2026-03-14,North,C,72,10437.36,2
2026-03-14,South,A,99,9238.06,2
2026-03-14,South,B,88,11192.19,3
2026-03-14,South,C,64,9248.31,3
2026-03-14,East,A,98,9374.19,4
2026-03-14,East,B,85,10524.1,3
2026-03-14,East,C,53,7434.37,2
2026-03-15,North,A,114,11747.04,3
2026-03-15,North,B,87,10326.11,3
2026-03-15,North,C,67,9528.12,2
2026-03-15,South,A,103,9795.11,3
2026-03-15,South,B,75,9292.31,3
2026-03-15,South,C,71,10111.48,3
2026-03-15,East,A,90,8533.88,3
2026-03-15,East,B,81,9566.93,2
2026-03-15,East,C,53,7708.92,2
2026-03-16,North,A,115,11384.53,5
2026-03-16,North,B,82,9782.96,3
2026-03-16,North,C,63,9046.09,1
2026-03-16,South,A,93,9560.52,2
2026-03-16,South,B,67,7572.75,2
2026-03-16,South,C,60,8692.13,2
2026-03-16,East,A,92,8719.49,1
2026-03-16,East,B,64,7528.96,2
2026-03-16,East,C,56,8205.43,2
2026-03-17,North,A,118,11739.22,2
2026-03-17,North,B,89,10682.9,1
2026-03-17,North,C,71,10419.48,2
2026-03-17,South,A,92,9092.89,3
2026-03-17,South,B,78,8934.31,3
2026-03-17,South,C,58,7982.57,2
2026-03-17,East,A,95,9033.45,3
2026-03-17,East,B,68,8103.47,1
2026-03-17,East,C,63,9057.17,2
2026-03-18,North,A,82,8061.76,3
2026-03-18,North,B,92,10374.99,3
2026-03-18,North,C,69,10192.37,1
2026-03-18,South,A,89,8827.2,2
2026-03-18,South,B,81,9444.5,3
2026-03-18,South,C,62,8294.07,2
2026-03-18,East,A,80,7337.49,3
2026-03-18,East,B,71,8323.49,3
2026-03-18,East,C,64,9769.44,1
2026-03-19,North,A,91,9220.42,1
2026-03-19,North,B,84,10736.78,1
2026-03-19,North,C,67,9639.09,2
2026-03-19,South,A,88,8244.56,3
2026-03-19,South,B,86,9366.1,3
2026-03-19,South,C,68,9777.07,2
2026-03-19,East,A,102,10096.74,4
2026-03-19,East,B,77,9077.43,1
2026-03-19,East,C,70,10291.82,2
2026-03-20,North,A,98,9385.34,3
2026-03-20,North,B,95,11853.06,2
2026-03-20,North,C,69,9835.66,1
2026-03-20,South,A,97,8808.81,2
2026-03-20,South,B,85,10180.15,2
2026-03-20,South,C,60,8996.66,1
2026-03-20,East,A,82,7618.33,3
2026-03-20,East,B,62,7364.79,1
2026-03-20,East,C,56,7978.42,1
2026-03-21,North,A,102,10399.98,2
2026-03-21,North,B,94,11662.23,4
2026-03-21,North,C,64,9463.9,3
2026-03-21,South,A,114,11789.91,1
2026-03-21,South,B,87,10324.71,2
2026-03-21,South,C,63,8816.59,3
2026-03-21,East,A,90,8860.22,1
2026-03-21,East,B,78,8966.61,1
2026-03-21,East,C,56,8218.88,1
2026-03-22,North,A,120,11275.02,4
2026-03-22,North,B,99,12422.2,3
2026-03-22,North,C,65,9495.74,2
2026-03-22,South,A,123,11102.77,2
2026-03-22,South,B,91,10784.21,2
2026-03-22,South,C,61,8484.41,1
2026-03-22,East,A,74,7131.63,1
2026-03-22,East,B,76,9469.35,3
2026-03-22,East,C,64,9022.6,2
2026-03-23,North,A,109,9985.97,2
2026-03-23,North,B,91,11100.48,4
2026-03-23,North,C,63,9027.08,2
2026-03-23,South,A,106,9849.64,2
2026-03-23,South,B,78,9255.69,3
2026-03-23,South,C,65,9284.2,2
2026-03-23,East,A,104,8915.32,2
2026-03-23,East,B,86,10884.11,2
2026-03-23,East,C,63,9105.97,2
2026-03-24,North,A,103,9925.4,3
2026-03-24,North,B,91,10825.29,2
2026-03-24,North,C,75,11574.42,2
2026-03-24,South,A,78,7699.65,3
2026-03-24,South,B,77,9962.15,3
2026-03-24,South,C,63,8847.48,2
2026-03-24,East,A,94,9229.75,1
2026-03-24,East,B,79,9578.33,3
2026-03-24,East,C,49,7144.83,1
2026-03-25,North,A,110,9788.48,3
2026-03-25,North,B,91,11327.56,2
2026-03-25,North,C,79,11975.55,1
2026-03-25,South,A,108,10239.86,5
2026-03-25,South,B,83,9729.08,3
2026-03-25,South,C,62,9086.36,1
2026-03-25,East,A,90,8046.19,2
2026-03-25,East,B,83,10818.05,2
2026-03-25,East,C,66,10093.97,3
2026-03-26,North,A,130,12199.83,2
2026-03-26,North,B,106,12625.24,5
2026-03-26,North,C,75,10024.62,3
2026-03-26,South,A,97,9568.28,2
2026-03-26,South,B,87,10642.67,3
2026-03-26,South,C,66,9458.11,2
2026-03-26,East,A,100,8601.7,4
2026-03-26,East,B,84,10181.08,2
2026-03-26,East,C,60,7918.47,3
2026-03-27,North,A,112,10838.39,2
2026-03-27,North,B,93,11646.49,2
2026-03-27,North,C,71,10018.78,2
2026-03-27,South,A,100,9702.32,2
2026-03-27,South,B,80,10050.88,2
2026-03-27,South,C,73,10430.6,2
2026-03-27,East,A,92,8346.63,2
2026-03-27,East,B,73,8953.17,3
2026-03-27,East,C,61,8583.8,2
2026-03-28,North,A,110,10896.57,5
2026-03-28,North,B,84,9876.61,3
2026-03-28,North,C,76,10298.58,1
2026-03-28,South,A,88,8864.54,1
2026-03-28,South,B,76,9273.9,3
2026-03-28,South,C,70,9368.35,1
2026-03-28,East,A,100,9297.77,1
2026-03-28,East,B,71,8470.57,3
2026-03-28,East,C,57,8230.73,2
2026-03-29,North,A,106,10228.22,1
2026-03-29,North,B,91,10570.86,2
2026-03-29,North,C,67,10429.19,2
2026-03-29,South,A,108,10956.0,2
2026-03-29,South,B,83,9482.28,3
2026-03-29,South,C,67,9787.34,1
2026-03-29,East,A,97,9240.71,4
2026-03-29,East,B,79,8927.42,1
2026-03-29,East,C,58,8284.26,1
2026-03-30,North,A,121,12117.05,2
2026-03-30,North,B,114,14362.33,2
2026-03-30,North,C,75,10477.38,3
2026-03-30,South,A,104,9418.39,2
2026-03-30,South,B,83,9702.63,1
2026-03-30,South,C,65,9435.69,1
2026-03-30,East,A,98,9803.46,2
2026-03-30,East,B,79,9225.74,2
2026-03-30,East,C,55,8072.88,2
2026-03-31,North,A,112,10112.25,3
2026-03-31,North,B,93,11318.83,4
2026-03-31,North,C,64,9548.01,1
2026-03-31,South,A,92,8467.75,2
2026-03-31,South,B,75,8939.2,3
2026-03-31,South,C,61,9382.59,2
2026-03-31,East,A,93,8643.4,4
2026-03-31,East,B,84,10440.56,1
2026-03-31,East,C,59,8925.2,1
2026-04-01,North,A,108,10226.07,3
2026-04-01,North,B,85,10424.04,3
2026-04-01,North,C,80,11932.32,4
2026-04-01,South,A,104,9341.94,1
2026-04-01,South,B,81,9844.8,4
2026-04-01,South,C,60,8510.01,1
2026-04-01,East,A,106,10860.15,5
2026-04-01,East,B,81,9875.26,1
2026-04-01,East,C,56,8082.95,1
2026-04-02,North,A,115,11231.6,4
2026-04-02,North,B,83,9735.0,3
2026-04-02,North,C,73,11118.28,1
2026-04-02,South,A,107,11096.11,2
2026-04-02,South,B,83,9273.43,2
2026-04-02,South,C,76,10797.84,1
2026-04-02,East,A,95,8731.84,3
2026-04-02,East,B,76,9080.06,1
2026-04-02,East,C,56,7574.95,1
2026-04-03,North,A,110,10861.6,4
2026-04-03,North,B,103,12960.53,3
2026-04-03,North,C,80,11262.34,3
2026-04-03,South,A,107,10522.6,1
2026-04-03,South,B,90,11079.46,2
2026-04-03,South,C,69,10284.24,3
2026-04-03,East,A,103,9759.3,3
2026-04-03,East,B,83,9653.89,4
2026-04-03,East,C,65,9586.71,2
2026-04-04,North,A,122,11886.9,5
2026-04-04,North,B,99,12131.49,3
2026-04-04,North,C,79,11168.86,3
2026-04-04,South,A,106,9820.36,2
2026-04-04,South,B,86,10514.96,1
2026-04-04,South,C,67,10177.18,1
2026-04-04,East,A,83,7985.58,3
2026-04-04,East,B,84,10129.44,2
2026-04-04,East,C,63,8759.85,3
2026-04-05,North,A,119,10804.3,4
2026-04-05,North,B,74,9466.34,2
2026-04-05,North,C,69,10063.36,2
2026-04-05,South,A,107,10718.35,2
2026-04-05,South,B,87,10694.36,3
2026-04-05,South,C,67,8903.95,2
2026-04-05,East,A,96,9782.53,4
2026-04-05,East,B,73,8533.25,3
2026-04-05,East,C,72,10091.8,1
2026-04-06,North,A,115,10186.41,2
2026-04-06,North,B,86,9642.36,2
2026-04-06,North,C,78,10958.69,2
2026-04-06,South,A,90,8462.02,3
2026-04-06,South,B,82,9158.63,2
2026-04-06,South,C,73,10161.13,3
2026-04-06,East,A,101,9172.7,1
2026-04-06,East,B,65,7763.49,3
2026-04-06,East,C,57,8063.69,2
2026-04-07,North,A,117,11169.13,4
2026-04-07,North,B,103,13501.6,4
2026-04-07,North,C,78,12191.31,3
2026-04-07,South,A,93,8475.04,3
2026-04-07,South,B,78,9396.49,3
2026-04-07,South,C,68,10150.03,2
2026-04-07,East,A,98,9827.3,2
2026-04-07,East,B,77,9077.71,1
2026-04-07,East,C,55,8694.57,2
2026-04-08,North,A,130,12486.57,3
2026-04-08,North,B,94,11278.6,2
2026-04-08,North,C,68,9984.54,3
2026-04-08,South,A,119,11640.47,3
2026-04-08,South,B,77,9578.92,3
2026-04-08,South,C,62,7966.95,2
2026-04-08,East,A,107,10089.31,2
2026-04-08,East,B,86,10359.11,2
2026-04-08,East,C,67,9834.07,1
2026-04-09,North,A,106,10121.12,2
2026-04-09,North,B,107,13560.46,1
2026-04-09,North,C,75,10447.37,3
2026-04-09,South,A,113,10635.95,3
2026-04-09,South,B,87,10823.35,2
2026-04-09,South,C,73,10635.86,3
2026-04-09,East,A,101,9898.13,1
2026-04-09,East,B,81,9693.54,1
2026-04-09,East,C,62,8822.92,1
2026-04-10,North,A,121,11147.72,5
2026-04-10,North,B,108,13333.15,2
2026-04-10,North,C,79,11294.7,2
2026-04-10,South,A,115,10797.83,3
2026-04-10,South,B,87,10194.03,1
2026-04-10,South,C,79,10643.84,2
2026-04-10,East,A,93,9588.85,2
2026-04-10,East,B,87,10333.01,1
2026-04-10,East,C,67,10157.02,2
2026-04-11,North,A,106,10766.34,4
2026-04-11,North,B,102,12750.86,2
2026-04-11,North,C,81,12222.84,2
2026-04-11,South,A,108,10036.37,5
2026-04-11,South,B,90,10140.46,2
2026-04-11,South,C,82,12147.2,2
2026-04-11,East,A,115,11015.84,3
2026-04-11,East,B,78,9492.38,2
2026-04-11,East,C,67,10880.2,1
2026-04-12,North,A,113,11390.35,2
2026-04-12,North,B,116,14078.99,3
2026-04-12,North,C,82,12310.99,2
2026-04-12,South,A,108,10154.47,1
2026-04-12,South,B,86,10428.42,2
2026-04-12,South,C,76,10511.4,1
2026-04-12,East,A,97,8978.37,3
2026-04-12,East,B,88,11063.91,3
2026-04-12,East,C,60,8586.17,2
2026-04-13,North,A,130,12450.09,4
2026-04-13,North,B,87,10990.82,3
2026-04-13,North,C,69,10734.95,3
2026-04-13,South,A,103,9058.78,3
2026-04-13,South,B,87,10044.91,3
2026-04-13,South,C,72,10681.01,1
2026-04-13,East,A,102,10439.09,4
2026-04-13,East,B,82,9665.61,1
2026-04-13,East,C,66,8969.15,2
2026-04-14,North,A,109,10650.97,2
2026-04-14,North,B,102,11730.59,2
2026-04-14,North,C,90,13514.29,3
2026-04-14,South,A,110,10913.82,4
2026-04-14,South,B,87,10132.79,3
2026-04-14,South,C,74,11167.65,1
2026-04-14,East,A,99,8715.31,4
2026-04-14,East,B,77,9396.04,3
2026-04-14,East,C,59,8486.13,2
2026-04-15,North,A,112,10820.38,2
2026-04-15,North,B,103,12083.48,4
2026-04-15,North,C,82,12064.83,1
2026-04-15,South,A,102,10211.16,2
2026-04-15,South,B,92,11186.97,3
2026-04-15,South,C,77,11977.42,1
2026-04-15,East,A,105,10260.12,2
2026-04-15,East,B,87,10010.32,3
2026-04-15,East,C,63,9936.06,2
2026-04-16,North,A,115,10901.44,4
2026-04-16,North,B,103,12078.42,3
2026-04-16,North,C,83,12558.17,1
2026-04-16,South,A,105,10534.48,3
2026-04-16,South,B,87,10293.49,3
2026-04-16,South,C,74,10720.91,2
2026-04-16,East,A,103,9975.04,3
2026-04-16,East,B,89,10747.1,3
2026-04-16,East,C,63,9228.51,2
2026-04-17,North,A,131,11721.15,4
2026-04-17,North,B,98,11795.14,2
2026-04-17,North,C,72,11387.3,3
2026-04-17,South,A,108,11471.53,1
2026-04-17,South,B,87,10116.33,3
2026-04-17,South,C,63,8902.42,3
2026-04-17,East,A,92,8501.43,1
2026-04-17,East,B,78,9446.14,3
2026-04-17,East,C,52,7648.25,1
2026-04-18,North,A,124,12127.0,4
2026-04-18,North,B,97,11587.38,4
2026-04-18,North,C,78,11798.99,2
2026-04-18,South,A,119,11051.39,3
2026-04-18,South,B,88,10858.78,3
2026-04-18,South,C,73,10394.85,2
2026-04-18,East,A,100,10326.69,3
2026-04-18,East,B,87,10634.25,2
2026-04-18,East,C,58,8431.39,2
2026-04-19,North,A,121,11729.57,3
2026-04-19,North,B,106,13445.1,2
2026-04-19,North,C,70,10383.79,1
2026-04-19,South,A,101,9258.22,3
2026-04-19,South,B,82,9083.03,1
2026-04-19,South,C,62,8689.23,1
2026-04-19,East,A,104,10143.7,4
2026-04-19,East,B,80,9288.91,2
2026-04-19,East,C,64,9371.81,3
2026-04-20,North,A,124,12467.27,2
2026-04-20,North,B,109,13591.95,3
2026-04-20,North,C,76,11032.75,2
2026-04-20,South,A,99,9250.19,2
2026-04-20,South,B,79,9662.48,3
2026-04-20,South,C,74,11284.09,1
2026-04-20,East,A,100,10773.5,2
2026-04-20,East,B,76,8486.63,3
2026-04-20,East,C,79,10815.55,2
2026-04-21,North,A,119,11478.42,2
2026-04-21,North,B,102,11671.06,3
2026-04-21,North,C,83,12579.73,1
2026-04-21,South,A,99,9467.26,2
2026-04-21,South,B,97,11789.17,3
2026-04-21,South,C,74,10849.21,2
2026-04-21,East,A,114,10700.77,2
2026-04-21,East,B,85,10807.17,2
2026-04-21,East,C,73,10541.97,1
2026-04-22,North,A,114,10936.33,2
2026-04-22,North,B,100,11469.12,3
2026-04-22,North,C,75,11343.38,3
2026-04-22,South,A,116,10625.42,4
2026-04-22,South,B,84,9694.58,3
2026-04-22,South,C,63,8926.1,2
2026-04-22,East,A,96,9564.53,3
2026-04-22,East,B,88,10970.45,2
2026-04-22,East,C,64,8900.83,2
2026-04-23,North,A,110,11209.3,2
2026-04-23,North,B,102,11682.29,3
2026-04-23,North,C,83,12707.13,3
2026-04-23,South,A,106,10534.42,2
2026-04-23,South,B,93,11599.54,4
2026-04-23,South,C,71,9792.83,1
2026-04-23,East,A,105,10670.32,4
2026-04-23,East,B,85,10721.99,3
2026-04-23,East,C,65,9423.76,1
2026-04-24,North,A,108,9740.26,3
2026-04-24,North,B,94,10934.65,2
2026-04-24,North,C,71,10736.24,2
2026-04-24,South,A,105,10486.1,3
2026-04-24,South,B,86,10344.39,1
2026-04-24,South,C,72,9721.48,3
2026-04-24,East,A,101,9612.66,2
2026-04-24,East,B,90,11174.25,3
2026-04-24,East,C,69,10309.03,2
2026-04-25,North,A,127,12802.39,2
2026-04-25,North,B,94,11628.45,2
2026-04-25,North,C,74,10712.67,1
2026-04-25,South,A,110,10584.63,3
2026-04-25,South,B,83,8893.41,2
2026-04-25,South,C,70,10422.31,3
2026-04-25,East,A,103,9902.72,1
2026-04-25,East,B,78,9227.47,3
2026-04-25,East,C,78,11264.6,2
2026-04-26,North,A,127,12195.21,5
2026-04-26,North,B,103,12584.29,4
2026-04-26,North,C,74,10873.59,3
2026-04-26,South,A,90,8997.53,3
2026-04-26,South,B,96,11672.2,2
2026-04-26,South,C,68,10299.78,1
2026-04-26,East,A,96,9243.82,1
2026-04-26,East,B,77,9335.73,1
2026-04-26,East,C,72,10588.12,3
2026-04-27,North,A,131,13073.18,2
2026-04-27,North,B,91,11894.3,3
2026-04-27,North,C,73,10744.21,3
2026-04-27,South,A,110,10284.47,4
2026-04-27,South,B,78,10006.04,1
2026-04-27,South,C,63,9914.57,2
2026-04-27,East,A,95,9202.26,3
2026-04-27,East,B,93,11743.79,2
2026-04-27,East,C,59,8245.0,2
2026-04-28,North,A,124,11174.11,3
2026-04-28,North,B,104,12410.07,4
2026-04-28,North,C,74,10149.34,1
2026-04-28,South,A,115,10417.24,4
2026-04-28,South,B,92,12094.33,1
2026-04-28,South,C,75,10966.42,1
2026-04-28,East,A,119,11650.05,1
2026-04-28,East,B,77,8900.16,2
2026-04-28,East,C,58,8382.21,2
2026-04-29,North,A,102,10331.13,2
2026-04-29,North,B,97,12376.08,2
2026-04-29,North,C,77,11085.66,3
2026-04-29,South,A,110,10296.98,3
2026-04-29,South,B,100,12416.85,2
2026-04-29,South,C,82,13104.1,1
2026-04-29,East,A,96,9304.45,3
2026-04-29,East,B,79,9520.11,3
2026-04-29,East,C,61,9181.75,1
2026-04-30,North,A,123,12241.62,5
2026-04-30,North,B,100,11889.76,2
2026-04-30,North,C,72,10057.1,3
2026-04-30,South,A,113,10316.0,1
2026-04-30,South,B,89,11265.81,3
2026-04-30,South,C,68,9339.18,2
2026-04-30,East,A,114,11017.22,5
2026-04-30,East,B,80,9393.76,1
2026-04-30,East,C,62,9457.05,2
2026-05-01,North,A,109,10528.48,4
2026-05-01,North,B,102,12153.18,3
2026-05-01,North,C,76,11746.58,3
2026-05-01,South,A,118,11348.37,4
2026-05-01,South,B,86,10528.85,2
2026-05-01,South,C,70,9889.16,1
2026-05-01,East,A,102,9979.72,4
2026-05-01,East,B,95,11672.56,3
2026-05-01,East,C,62,8619.19,3
2026-05-02,North,A,123,12075.12,4
2026-05-02,North,B,102,12506.83,1
2026-05-02,North,C,78,11462.81,1
2026-05-02,South,A,103,9858.42,2
2026-05-02,South,B,80,9566.5,1
2026-05-02,South,C,78,11071.74,2
2026-05-02,East,A,116,11665.92,2
2026-05-02,East,B,87,10668.75,2
2026-05-02,East,C,66,8522.86,2
2026-05-03,North,A,120,11304.09,1
2026-05-03,North,B,92,10755.33,3
2026-05-03,North,C,77,11276.12,2
2026-05-03,South,A,102,9808.62,3
2026-05-03,South,B,88,10272.14,1
2026-05-03,South,C,70,9185.66,1
2026-05-03,East,A,105,10216.66,1
2026-05-03,East,B,73,8303.26,1
2026-05-03,East,C,71,9302.98,2
2026-05-04,North,A,116,12150.22,2
2026-05-04,North,B,103,13082.09,3
2026-05-04,North,C,77,10150.48,1
2026-05-04,South,A,112,10470.09,3
2026-05-04,South,B,82,9640.35,2
2026-05-04,South,C,66,9519.19,2
2026-05-04,East,A,96,9428.59,2
2026-05-04,East,B,79,9449.19,1
2026-05-04,East,C,73,10966.11,1
2026-05-05,North,A,119,12171.2,3
2026-05-05,North,B,101,12242.12,3
2026-05-05,North,C,69,9441.97,2
2026-05-05,South,A,112,10843.75,3
2026-05-05,South,B,90,11375.68,4
2026-05-05,South,C,73,10944.72,1
2026-05-05,East,A,108,10024.19,2
2026-05-05,East,B,69,8149.17,1
2026-05-05,East,C,60,8513.8,2
2026-05-06,North,A,120,11186.24,4
2026-05-06,North,B,102,13072.03,2
2026-05-06,North,C,76,10737.19,3
2026-05-06,South,A,110,10730.47,3
2026-05-06,South,B,94,10805.8,2
2026-05-06,South,C,67,9636.86,1
2026-05-06,East,A,108,10927.51,4
2026-05-06,East,B,79,9223.79,3
2026-05-06,East,C,65,9110.63,3
2026-05-07,North,A,114,10544.51,2
2026-05-07,North,B,96,10711.31,2
2026-05-07,North,C,72,9954.15,3
2026-05-07,South,A,91,8474.55,2
2026-05-07,South,B,98,12372.29,4
2026-05-07,South,C,81,11436.6,2
2026-05-07,East,A,105,10198.3,3
2026-05-07,East,B,77,9539.03,3
2026-05-07,East,C,65,8497.64,2
2026-05-08,North,A,127,12501.55,2
2026-05-08,North,B,98,11320.89,2
2026-05-08,North,C,79,12390.91,3
2026-05-08,South,A,112,10424.87,1
2026-05-08,South,B,93,11710.74,4
2026-05-08,South,C,75,11161.82,2
2026-05-08,East,A,92,8615.64,1
2026-05-08,East,B,80,9348.42,1
2026-05-08,East,C,70,10119.38,3
2026-05-09,North,A,136,13679.69,3
2026-05-09,North,B,104,12931.15,2
2026-05-09,North,C,79,11786.58,1
2026-05-09,South,A,83,8396.67,3
2026-05-09,South,B,83,10299.24,3
2026-05-09,South,C,73,10938.89,3
2026-05-09,East,A,93,8965.78,4
2026-05-09,East,B,80,9514.4,2
2026-05-09,East,C,63,9020.49,2
2026-05-10,North,A,102,9832.84,2
2026-05-10,North,B,109,13023.79,2
2026-05-10,North,C,79,11970.07,3
2026-05-10,South,A,112,11755.93,3
2026-05-10,South,B,90,11333.11,3
2026-05-10,South,C,72,10737.11,2
2026-05-10,East,A,96,10055.96,2
2026-05-10,East,B,77,9437.46,1
2026-05-10,East,C,60,8637.94,1
2026-05-11,North,A,118,11529.01,2
2026-05-11,North,B,100,12550.55,1
2026-05-11,North,C,71,9569.61,1
2026-05-11,South,A,99,9082.42,3
2026-05-11,South,B,82,9595.45,4
2026-05-11,South,C,67,9294.4,2
2026-05-11,East,A,93,8683.62,2
2026-05-11,East,B,80,9875.63,3
2026-05-11,East,C,62,8977.97,2
2026-05-12,North,A,119,11437.4,2
2026-05-12,North,B,94,10863.14,4
2026-05-12,North,C,82,12050.38,3
2026-05-12,South,A,102,9553.99,3
2026-05-12,South,B,93,11721.28,4
2026-05-12,South,C,73,10436.19,2
2026-05-12,East,A,112,10291.34,2
2026-05-12,East,B,77,8852.51,3
2026-05-12,East,C,63,9349.18,2
2026-05-13,North,A,120,11298.21,5
2026-05-13,North,B,102,13214.71,3
2026-05-13,North,C,81,10876.34,2
2026-05-13,South,A,114,10916.89,3
2026-05-13,South,B,83,10181.12,3
2026-05-13,South,C,77,11043.14,3
2026-05-13,East,A,106,9998.66,1
2026-05-13,East,B,63,7762.88,2
2026-05-13,East,C,65,9309.36,1
2026-05-14,North,A,120,11308.21,4
2026-05-14,North,B,113,13117.8,2
2026-05-14,North,C,71,10121.08,2
2026-05-14,South,A,105,10228.23,4
2026-05-14,South,B,87,10469.5,1
2026-05-14,South,C,64,9702.89,2
2026-05-14,East,A,102,10625.22,3
2026-05-14,East,B,82,9457.0,3
2026-05-14,East,C,65,9566.27,2
2026-05-15,North,A,128,12020.44,5
2026-05-15,North,B,84,9985.58,4
2026-05-15,North,C,87,13049.12,2
2026-05-15,South,A,114,10460.37,3
2026-05-15,South,B,88,10745.25,2
2026-05-15,South,C,72,9493.99,2
2026-05-15,East,A,98,9901.35,2
2026-05-15,East,B,60,7196.32,3
2026-05-15,East,C,59,8518.06,2
2026-05-16,North,A,112,11006.07,2
2026-05-16,North,B,95,11239.63,2
2026-05-16,North,C,88,12195.64,3
2026-05-16,South,A,108,10113.37,3
2026-05-16,South,B,89,11512.27,3
2026-05-16,South,C,73,10029.98,2
2026-05-16,East,A,109,10713.44,3
2026-05-16,East,B,77,9530.0,1
2026-05-16,East,C,57,8068.03,1
2026-05-17,North,A,101,8742.91,2
2026-05-17,North,B,104,12919.12,3
2026-05-17,North,C,66,9698.67,2
2026-05-17,South,A,114,11078.03,4
2026-05-17,South,B,85,11093.86,3
2026-05-17,South,C,68,9316.63,3
2026-05-17,East,A,93,8140.83,2
2026-05-17,East,B,84,9929.95,3
2026-05-17,East,C,59,8817.04,1
2026-05-18,North,A,105,9440.02,3
2026-05-18,North,B,87,11080.33,2
2026-05-18,North,C,78,11278.01,3
2026-05-18,South,A,101,10220.04,4
2026-05-18,South,B,89,10437.17,2
2026-05-18,South,C,72,10213.63,1
2026-05-18,East,A,90,8821.05,3
2026-05-18,East,B,82,8803.98,3
2026-05-18,East,C,63,9631.18,2
2026-05-19,North,A,122,11413.53,1
2026-05-19,North,B,89,11222.14,3
2026-05-19,North,C,82,10727.58,3
2026-05-19,South,A,108,10466.89,2
2026-05-19,South,B,88,10249.58,2
2026-05-19,South,C,75,11688.23,1
2026-05-19,East,A,102,10334.71,4
2026-05-19,East,B,77,9284.77,2
2026-05-19,East,C,66,9893.14,1
2026-05-20,North,A,112,10315.42,4
2026-05-20,North,B,105,12823.58,2
2026-05-20,North,C,81,11678.19,4
2026-05-20,South,A,115,11082.04,3
2026-05-20,South,B,91,10955.83,2
2026-05-20,South,C,70,9495.31,3
2026-05-20,East,A,93,8502.47,2
2026-05-20,East,B,78,9810.18,3
2026-05-20,East,C,60,8547.75,2
2026-05-21,North,A,125,12181.81,1
2026-05-21,North,B,81,8980.17,1
2026-05-21,North,C,77,10886.99,1
2026-05-21,South,A,92,8474.9,1
2026-05-21,South,B,89,10462.47,1
2026-05-21,South,C,69,9745.67,2
2026-05-21,East,A,91,8769.18,2
2026-05-21,East,B,68,7651.89,1
2026-05-21,East,C,66,9245.64,3
2026-05-22,North,A,114,11182.95,2
2026-05-22,North,B,90,11021.22,2
2026-05-22,North,C,81,11396.17,3
2026-05-22,South,A,83,7660.31,3
2026-05-22,South,B,73,9031.17,1
2026-05-22,South,C,68,9423.41,2
2026-05-22,East,A,90,7960.31,1
2026-05-22,East,B,73,8103.81,2
2026-05-22,East,C,69,9885.21,2
2026-05-23,North,A,114,10792.52,2
2026-05-23,North,B,101,12444.53,3
2026-05-23,North,C,72,10257.68,1
2026-05-23,South,A,96,9231.66,1
2026-05-23,South,B,84,9025.25,3
2026-05-23,South,C,64,9346.9,3
2026-05-23,East,A,110,11070.17,4
2026-05-23,East,B,81,10210.86,1
2026-05-23,East,C,57,8463.07,1
2026-05-24,North,A,120,11522.5,3
2026-05-24,North,B,82,9561.47,2
2026-05-24,North,C,66,9774.07,1
2026-05-24,South,A,113,10835.96,2
2026-05-24,South,B,79,9841.81,1
2026-05-24,South,C,68,10355.37,3
2026-05-24,East,A,93,8938.77,3
2026-05-24,East,B,78,10159.96,2
2026-05-24,East,C,66,9547.61,1
2026-05-25,North,A,115,10948.92,3
2026-05-25,North,B,89,11218.68,2
2026-05-25,North,C,75,10656.52,3
2026-05-25,South,A,104,9712.13,3
2026-05-25,South,B,88,10215.14,1
2026-05-25,South,C,67,9588.28,1
2026-05-25,East,A,82,8020.07,4
2026-05-25,East,B,78,9624.95,2
2026-05-25,East,C,62,9075.83,1
2026-05-26,North,A,107,9664.47,5
2026-05-26,North,B,92,11956.41,3
2026-05-26,North,C,68,9291.44,1
2026-05-26,South,A,112,10692.15,4
2026-05-26,South,B,82,10117.39,2
2026-05-26,South,C,79,10634.79,3
2026-05-26,East,A,90,8972.19,4
2026-05-26,East,B,80,9931.81,2
2026-05-26,East,C,62,8502.45,1
2026-05-27,North,A,117,11057.16,3
2026-05-27,North,B,99,11265.39,1
2026-05-27,North,C,72,10494.83,3
2026-05-27,South,A,94,9066.28,3
2026-05-27,South,B,78,9174.54,3
2026-05-27,South,C,71,9928.47,1
2026-05-27,East,A,89,9241.3,3
2026-05-27,East,B,81,9371.97,3
2026-05-27,East,C,63,9421.91,2
2026-05-28,North,A,110,10313.4,5
2026-05-28,North,B,80,10358.5,3
2026-05-28,North,C,71,10708.58,3
2026-05-28,South,A,102,9192.84,4
2026-05-28,South,B,90,11019.81,4
2026-05-28,South,C,66,9534.1,2
2026-05-28,East,A,93,9287.48,4
2026-05-28,East,B,82,9843.73,1
2026-05-28,East,C,54,7734.22,1
2026-05-29,North,A,116,10366.77,3
2026-05-29,North,B,81,10002.12,2
2026-05-29,North,C,78,11148.15,1
2026-05-29,South,A,97,9585.06,1
2026-05-29,South,B,81,9025.05,1
2026-05-29,South,C,62,8782.11,2
2026-05-29,East,A,87,8846.73,2
2026-05-29,East,B,80,9341.56,2
2026-05-29,East,C,62,8704.32,1
2026-05-30,North,A,117,10797.74,5
2026-05-30,North,B,99,12403.47,3
2026-05-30,North,C,73,11076.09,1
2026-05-30,South,A,95,9505.71,1
2026-05-30,South,B,84,10078.85,3
2026-05-30,South,C,56,8418.02,1
2026-05-30,East,A,89,8589.25,3
2026-05-30,East,B,89,11171.81,3
2026-05-30,East,C,63,9056.93,1
2026-05-31,North,A,121,12326.85,4
2026-05-31,North,B,94,11061.15,1
2026-05-31,North,C,73,10834.78,1
2026-05-31,South,A,93,9306.84,1
2026-05-31,South,B,80,9973.72,4
2026-05-31,South,C,66,10200.53,2
2026-05-31,East,A,93,8580.66,1
2026-05-31,East,B,78,9064.27,3
2026-05-31,East,C,71,11033.37,1
2026-06-01,North,A,127,12522.01,2
2026-06-01,North,B,87,10761.77,3
2026-06-01,North,C,71,10667.29,2
2026-06-01,South,A,97,9406.4,2
2026-06-01,South,B,92,10499.43,2
2026-06-01,South,C,65,8841.93,1
2026-06-01,East,A,89,8505.13,4
2026-06-01,East,B,79,9917.4,3
2026-06-01,East,C,52,7195.48,1
2026-06-02,North,A,99,9381.23,3
2026-06-02,North,B,80,9619.36,2
2026-06-02,North,C,77,10789.79,2
2026-06-02,South,A,113,10968.15,3
2026-06-02,South,B,82,10533.78,1
2026-06-02,South,C,66,9434.33,1
2026-06-02,East,A,88,9001.18,2
2026-06-02,East,B,67,7943.92,1
2026-06-02,East,C,56,8123.98,2
2026-06-03,North,A,114,11380.6,5
2026-06-03,North,B,96,12359.89,3
2026-06-03,North,C,63,9284.23,1
2026-06-03,South,A,101,10106.43,4
2026-06-03,South,B,79,9015.88,2
2026-06-03,South,C,70,10027.57,1
2026-06-03,East,A,85,7793.72,2
2026-06-03,East,B,81,9866.99,1
2026-06-03,East,C,59,8341.46,2
2026-06-04,North,A,113,10427.45,4
2026-06-04,North,B,98,11824.5,3
2026-06-04,North,C,72,10903.7,3
2026-06-04,South,A,118,11330.18,2
2026-06-04,South,B,82,9675.3,3
2026-06-04,South,C,71,9784.9,1
2026-06-04,East,A,99,9589.24,1
2026-06-04,East,B,70,8303.41,2
2026-06-04,East,C,58,8358.12,2
2026-06-05,North,A,115,10552.84,1
2026-06-05,North,B,88,10867.65,2
2026-06-05,North,C,77,11483.34,1
2026-06-05,South,A,96,8935.57,3
2026-06-05,South,B,87,10775.05,1
2026-06-05,South,C,63,8910.22,3
2026-06-05,East,A,96,8680.33,4
2026-06-05,East,B,80,9605.05,3
2026-06-05,East,C,64,9135.17,1
2026-06-06,North,A,126,12368.39,4
2026-06-06,North,B,96,12220.55,2
2026-06-06,North,C,71,9975.23,1
2026-06-06,South,A,97,9549.91,1
2026-06-06,South,B,87,9857.75,3
2026-06-06,South,C,74,10995.75,2
2026-06-06,East,A,100,8769.15,1
2026-06-06,East,B,83,9872.08,4
2026-06-06,East,C,57,8593.76,2
2026-06-07,North,A,124,12064.75,5
2026-06-07,North,B,87,10744.42,3
2026-06-07,North,C,73,10719.73,3
2026-06-07,South,A,106,10298.08,4
2026-06-07,South,B,86,11243.79,3
2026-06-07,South,C,70,9702.23,2
2026-06-07,East,A,92,8689.44,3
2026-06-07,East,B,82,9858.36,4
2026-06-07,East,C,64,9535.82,2
2026-06-08,North,A,111,12001.79,2
2026-06-08,North,B,96,11570.15,1
2026-06-08,North,C,75,10940.91,2
2026-06-08,South,A,108,9757.52,2
2026-06-08,South,B,65,7601.84,1
2026-06-08,South,C,69,10294.45,2
2026-06-08,East,A,90,8684.09,4
2026-06-08,East,B,84,9573.39,2
2026-06-08,East,C,53,7492.58,2
2026-06-09,North,A,118,10814.39,2
2026-06-09,North,B,77,9032.95,2
2026-06-09,North,C,75,10557.78,2
2026-06-09,South,A,111,10540.76,3
2026-06-09,South,B,80,9252.42,1
2026-06-09,South,C,67,9526.26,2
2026-06-09,East,A,81,7823.58,2
2026-06-09,East,B,73,8751.09,3
2026-06-09,East,C,56,8340.15,1
2026-06-10,North,A,117,11758.19,3
2026-06-10,North,B,89,10770.66,2
2026-06-10,North,C,74,10384.83,3
2026-06-10,South,A,100,9822.97,2
2026-06-10,South,B,77,9750.34,2
2026-06-10,South,C,68,9718.13,1
2026-06-10,East,A,96,8369.47,1
2026-06-10,East,B,77,9939.54,2
2026-06-10,East,C,62,8892.7,2
2026-06-11,North,A,113,10074.48,4
2026-06-11,North,B,100,10792.2,1
2026-06-11,North,C,81,11395.08,1
2026-06-11,South,A,106,9807.29,3
2026-06-11,South,B,89,10705.14,2
2026-06-11,South,C,70,9214.02,2
2026-06-11,East,A,88,8733.61,3
2026-06-11,East,B,84,9392.35,2
2026-06-11,East,C,57,8627.24,1
2026-06-12,North,A,133,12471.4,5
2026-06-12,North,B,89,10814.28,2
2026-06-12,North,C,72,10682.89,1
2026-06-12,South,A,102,10252.24,3
2026-06-12,South,B,85,10877.5,3
2026-06-12,South,C,65,8696.42,2
2026-06-12,East,A,94,9004.17,3
2026-06-12,East,B,73,8863.06,3
2026-06-12,East,C,59,7864.09,1
2026-06-13,North,A,132,12273.9,3
2026-06-13,North,B,88,10516.14,3
2026-06-13,North,C,71,9619.65,1
2026-06-13,South,A,98,9891.1,3
2026-06-13,South,B,88,10884.97,1
2026-06-13,South,C,68,9825.4,1
2026-06-13,East,A,91,8920.57,1
2026-06-13,East,B,66,8316.96,1
2026-06-13,East,C,59,8311.41,2
2026-06-14,North,A,114,11287.78,5
2026-06-14,North,B,99,12141.44,2
2026-06-14,North,C,70,9936.7,2
2026-06-14,South,A,115,11567.22,3
2026-06-14,South,B,89,11169.61,2
2026-06-14,South,C,71,9767.58,3
2026-06-14,East,A,100,10084.9,4
2026-06-14,East,B,85,9568.61,1
2026-06-14,East,C,59,8553.42,2
2026-06-15,North,A,110,10413.61,4
2026-06-15,North,B,94,11157.85,3
2026-06-15,North,C,66,9680.37,3
2026-06-15,South,A,114,10952.12,5
2026-06-15,South,B,85,10148.92,3
2026-06-15,South,C,69,10575.27,1
2026-06-15,East,A,101,10412.19,5
2026-06-15,East,B,78,9220.61,1
2026-06-15,East,C,64,9268.49,2
2026-06-16,North,A,112,11500.43,2
2026-06-16,North,B,93,11504.89,4
2026-06-16,North,C,83,12672.17,1
2026-06-16,South,A,108,10122.33,3
2026-06-16,South,B,88,10771.82,2
2026-06-16,South,C,82,11299.98,2
2026-06-16,East,A,94,8889.45,1
2026-06-16,East,B,81,9387.29,3
2026-06-16,East,C,54,7739.28,1
2026-06-17,North,A,116,10355.85,2
2026-06-17,North,B,98,12272.63,2
2026-06-17,North,C,79,12219.82,2
2026-06-17,South,A,85,7342.65,2
2026-06-17,South,B,84,10051.43,1
2026-06-17,South,C,60,8278.38,3
2026-06-17,East,A,107,11296.38,3
2026-06-17,East,B,73,8883.13,3
2026-06-17,East,C,64,8951.21,1
2026-06-18,North,A,126,12425.39,3
2026-06-18,North,B,89,10536.69,2
2026-06-18,North,C,73,9572.17,1
2026-06-18,South,A,103,9763.96,2
2026-06-18,South,B,71,8265.32,1
2026-06-18,South,C,63,9379.82,1
2026-06-18,East,A,97,9297.71,4
2026-06-18,East,B,84,8711.86,3
2026-06-18,East,C,57,8250.03,1
2026-06-19,North,A,99,9797.53,1
2026-06-19,North,B,87,10644.24,2
2026-06-19,North,C,81,11245.54,3
2026-06-19,South,A,104,9359.54,3
2026-06-19,South,B,87,10816.71,4
2026-06-19,South,C,70,10712.26,2
2026-06-19,East,A,94,8907.63,3
2026-06-19,East,B,74,9361.64,1
2026-06-19,East,C,56,8206.59,1
2026-06-20,North,A,123,12165.49,3
2026-06-20,North,B,89,10532.09,4
2026-06-20,North,C,74,10889.19,1
2026-06-20,South,A,101,9474.5,2
2026-06-20,South,B,83,9725.41,3
2026-06-20,South,C,69,10420.9,1
2026-06-20,East,A,101,9153.03,3
2026-06-20,East,B,72,9090.74,1
2026-06-20,East,C,63,10037.93,1
2026-06-21,North,A,134,12567.23,4
2026-06-21,North,B,97,11458.98,1
2026-06-21,North,C,80,12078.39,2
2026-06-21,South,A,108,10521.99,4
2026-06-21,South,B,90,11555.33,4
2026-06-21,South,C,74,10641.48,1
2026-06-21,East,A,92,9033.39,4
2026-06-21,East,B,78,10105.01,1
2026-06-21,East,C,61,9094.89,2
2026-06-22,North,A,120,10680.45,5
2026-06-22,North,B,91,12143.31,2
2026-06-22,North,C,81,12003.4,3
2026-06-22,South,A,113,11188.5,4
2026-06-22,South,B,86,10740.11,3
2026-06-22,South,C,73,10118.57,2
2026-06-22,East,A,96,9577.58,4
2026-06-22,East,B,92,11758.52,4
2026-06-22,East,C,61,8300.71,1
2026-06-23,North,A,110,9936.14,4
2026-06-23,North,B,109,12474.27,2
2026-06-23,North,C,69,9657.63,2
2026-06-23,South,A,107,10823.87,3
2026-06-23,South,B,92,11261.19,4
2026-06-23,South,C,77,10877.2,3
2026-06-23,East,A,111,10453.42,3
2026-06-23,East,B,63,7414.29,2
2026-06-23,East,C,54,8284.99,2
2026-06-24,North,A,119,11725.2,2
2026-06-24,North,B,94,10348.78,3
2026-06-24,North,C,79,10940.3,3
2026-06-24,South,A,115,10953.53,3
2026-06-24,South,B,99,12091.41,3
2026-06-24,South,C,69,10105.81,2
2026-06-24,East,A,106,9908.93,5
2026-06-24,East,B,87,10910.78,2
2026-06-24,East,C,64,9672.9,2
2026-06-25,North,A,131,12418.73,2
2026-06-25,North,B,96,11722.98,4
2026-06-25,North,C,72,10685.78,2
2026-06-25,South,A,107,10129.64,4
2026-06-25,South,B,87,10013.5,1
2026-06-25,South,C,76,11204.47,1
2026-06-25,East,A,111,9939.64,4
2026-06-25,East,B,92,11375.87,2
2026-06-25,East,C,69,9983.71,2
2026-06-26,North,A,107,9560.38,2
2026-06-26,North,B,92,10761.41,1
2026-06-26,North,C,77,11616.0,2
2026-06-26,South,A,108,10581.28,1
2026-06-26,South,B,93,11020.27,3
2026-06-26,South,C,75,10838.76,2
2026-06-26,East,A,103,9818.85,2
2026-06-26,East,B,83,10225.17,3
2026-06-26,East,C,65,9337.59,2
2026-06-27,North,A,119,10813.21,3
2026-06-27,North,B,87,10788.79,2
2026-06-27,North,C,87,12200.92,3
2026-06-27,South,A,118,10909.53,5
2026-06-27,South,B,77,9728.22,3
2026-06-27,South,C,74,11027.97,2
2026-06-27,East,A,113,10961.88,3
2026-06-27,East,B,76,8512.16,3
2026-06-27,East,C,65,9326.39,3
2026-06-28,North,A,118,11569.46,2
2026-06-28,North,B,109,13493.3,3
2026-06-28,North,C,67,9705.72,1
2026-06-28,South,A,120,11062.28,1
2026-06-28,South,B,94,11302.43,3
2026-06-28,South,C,73,11062.87,3
2026-06-28,East,A,103,10631.53,3
2026-06-28,East,B,92,11537.31,2
2026-06-28,East,C,71,10856.81,3
2026-06-29,North,A,123,12288.94,2
2026-06-29,North,B,95,10547.99,1
2026-06-29,North,C,88,13984.91,3
2026-06-29,South,A,111,10492.7,2
2026-06-29,South,B,95,11359.98,4
2026-06-29,South,C,66,9069.25,1
2026-06-29,East,A,117,10870.59,1
2026-06-29,East,B,85,9796.62,1
2026-06-29,East,C,65,9485.98,1
2026-06-30,North,A,108,10236.3,4
2026-06-30,North,B,91,10390.47,4
2026-06-30,North,C,83,11815.76,3
2026-06-30,South,A,105,10290.37,4
2026-06-30,South,B,83,9042.79,3
2026-06-30,South,C,80,12611.87,2
2026-06-30,East,A,101,8447.18,3
2026-06-30,East,B,82,10008.65,3
2026-06-30,East,C,72,10234.41,2
2026-07-01,North,A,119,11931.67,2
2026-07-01,North,B,106,13498.39,2
2026-07-01,North,C,82,12823.09,2
2026-07-01,South,A,111,11625.38,2
2026-07-01,South,B,88,10537.71,2
2026-07-01,South,C,70,10262.59,2
2026-07-01,East,A,102,9333.35,3
2026-07-01,East,B,92,10751.09,1
2026-07-01,East,C,66,9663.4,1
2026-07-02,North,A,146,14122.52,3
2026-07-02,North,B,101,11080.45,2
2026-07-02,North,C,79,11531.29,1
2026-07-02,South,A,110,10597.78,5
2026-07-02,South,B,96,11468.41,2
2026-07-02,South,C,68,9750.71,2
2026-07-02,East,A,93,8678.35,4
2026-07-02,East,B,83,9935.5,2
2026-07-02,East,C,73,11210.59,2
2026-07-03,North,A,123,11639.5,2
2026-07-03,North,B,95,10776.26,2
2026-07-03,North,C,82,10655.62,3
2026-07-03,South,A,102,10055.88,4
2026-07-03,South,B,100,12475.63,1
2026-07-03,South,C,74,10707.3,1
2026-07-03,East,A,113,11074.92,3
2026-07-03,East,B,92,10372.23,1
2026-07-03,East,C,60,8573.32,2
2026-07-04,North,A,107,10816.55,4
2026-07-04,North,B,97,11501.32,4
2026-07-04,North,C,62,8676.29,2
2026-07-04,South,A,110,10420.92,2
2026-07-04,South,B,97,11560.91,2
2026-07-04,South,C,73,10612.43,2
2026-07-04,East,A,113,11013.65,5
2026-07-04,East,B,82,9519.68,2
2026-07-04,East,C,75,10748.87,1
2026-07-05,North,A,129,12080.38,4
2026-07-05,North,B,85,10093.81,2
2026-07-05,North,C,79,11312.13,1
2026-07-05,South,A,107,10075.63,2
2026-07-05,South,B,99,11537.86,3
2026-07-05,South,C,72,9883.11,2
2026-07-05,East,A,111,10993.47,3
2026-07-05,East,B,90,10317.73,2
2026-07-05,East,C,71,9292.15,3
2026-07-06,North,A,123,12624.58,1
2026-07-06,North,B,102,12707.76,4
2026-07-06,North,C,79,11596.39,3
2026-07-06,South,A,107,10340.4,4
2026-07-06,South,B,89,10756.53,2
2026-07-06,South,C,71,10257.7,3
2026-07-06,East,A,101,9928.04,3
2026-07-06,East,B,89,10757.73,2
2026-07-06,East,C,64,8961.03,2
2026-07-07,North,A,115,11712.93,4
2026-07-07,North,B,95,11578.54,3
2026-07-07,North,C,78,12124.29,2
2026-07-07,South,A,132,11477.5,3
2026-07-07,South,B,88,10491.45,1
2026-07-07,South,C,74,10165.13,3
2026-07-07,East,A,94,9474.13,3
2026-07-07,East,B,85,10467.1,4
2026-07-07,East,C,71,9833.34,2
2026-07-08,North,A,122,12211.59,3
2026-07-08,North,B,114,13999.22,5
2026-07-08,North,C,73,10479.54,2
2026-07-08,South,A,112,11034.08,3
2026-07-08,South,B,88,10013.82,2
2026-07-08,South,C,68,9623.95,1
2026-07-08,East,A,111,11461.96,4
2026-07-08,East,B,87,9824.21,4
2026-07-08,East,C,66,9042.22,2
2026-07-09,North,A,140,13360.25,2
2026-07-09,North,B,106,13628.4,1
2026-07-09,North,C,93,13306.93,3
2026-07-09,South,A,112,11143.42,4
2026-07-09,South,B,108,12364.41,2
2026-07-09,South,C,67,9304.84,2
2026-07-09,East,A,110,10312.97,3
2026-07-09,East,B,86,10315.04,2
2026-07-09,East,C,64,9448.97,3
2026-07-10,North,A,121,11833.94,4
2026-07-10,North,B,110,12846.97,4
2026-07-10,North,C,79,12057.34,2
2026-07-10,South,A,132,12908.2,4
2026-07-10,South,B,95,10684.5,3
2026-07-10,South,C,70,9330.73,3
2026-07-10,East,A,115,10477.54,3
2026-07-10,East,B,84,9418.89,4
2026-07-10,East,C,61,9256.43,1
2026-07-11,North,A,130,12440.88,4
2026-07-11,North,B,101,11194.7,2
2026-07-11,North,C,79,11269.17,3
2026-07-11,South,A,122,11869.75,5
2026-07-11,South,B,101,12498.92,2
2026-07-11,South,C,76,10948.91,1
2026-07-11,East,A,101,10043.51,4
2026-07-11,East,B,86,10890.99,3
2026-07-11,East,C,70,9097.25,3
2026-07-12,North,A,122,11519.51,5
2026-07-12,North,B,111,13155.63,1
2026-07-12,North,C,85,13288.51,1
2026-07-12,South,A,133,13380.09,3
2026-07-12,South,B,93,11478.49,4
2026-07-12,South,C,57,8677.53,1
2026-07-12,East,A,104,9894.97,3
2026-07-12,East,B,84,10129.14,1
2026-07-12,East,C,81,11983.99,1
2026-07-13,North,A,143,13150.79,5
2026-07-13,North,B,99,12570.65,4
2026-07-13,North,C,90,13618.33,3
2026-07-13,South,A,116,10975.16,3
2026-07-13,South,B,92,11433.25,4
2026-07-13,South,C,75,10582.37,1
2026-07-13,East,A,108,10182.81,3
2026-07-13,East,B,94,10928.36,2
2026-07-13,East,C,75,10334.25,2
2026-07-14,North,A,123,11099.53,2
2026-07-14,North,B,95,11463.32,4
2026-07-14,North,C,77,10427.08,2
2026-07-14,South,A,118,11340.91,2
2026-07-14,South,B,101,11447.9,4
2026-07-14,South,C,75,10517.53,2
2026-07-14,East,A,119,11594.53,3
2026-07-14,East,B,87,9887.59,2
2026-07-14,East,C,65,8795.99,1
2026-07-15,North,A,129,12512.21,4
2026-07-15,North,B,99,11498.52,2
2026-07-15,North,C,77,11115.0,2
2026-07-15,South,A,119,11742.54,2
2026-07-15,South,B,107,13815.81,4
2026-07-15,South,C,82,11771.5,1
2026-07-15,East,A,104,9886.85,2
2026-07-15,East,B,71,8305.34,2
2026-07-15,East,C,78,11538.76,3
2026-07-16,North,A,153,14993.69,5
2026-07-16,North,B,95,11917.89,4
2026-07-16,North,C,87,13046.95,3
2026-07-16,South,A,133,12889.69,4
2026-07-16,South,B,88,10089.07,4
2026-07-16,South,C,72,9991.65,2
2026-07-16,East,A,105,10322.39,4
2026-07-16,East,B,86,10469.59,1
2026-07-16,East,C,62,8396.96,1
2026-07-17,North,A,120,10700.71,1
2026-07-17,North,B,102,11848.6,2
2026-07-17,North,C,81,11699.98,2
2026-07-17,South,A,132,12010.31,2
2026-07-17,South,B,98,11316.4,2
2026-07-17,South,C,68,10727.65,2
2026-07-17,East,A,109,10610.7,2
2026-07-17,East,B,100,11815.57,3
2026-07-17,East,C,63,8580.13,2
2026-07-18,North,A,115,11699.62,2
2026-07-18,North,B,122,14683.14,4
2026-07-18,North,C,88,13631.4,1
2026-07-18,South,A,135,14078.55,2
2026-07-18,South,B,83,9673.7,2
2026-07-18,South,C,77,10836.99,2
2026-07-18,East,A,106,10156.94,3
2026-07-18,East,B,73,8605.16,3
2026-07-18,East,C,76,10930.89,3
2026-07-19,North,A,105,9930.9,3
2026-07-19,North,B,108,13194.36,4
2026-07-19,North,C,90,12870.1,3
2026-07-19,South,A,112,10896.84,5
2026-07-19,South,B,84,9590.46,1
2026-07-19,South,C,85,12006.94,2
2026-07-19,East,A,111,10065.21,4
2026-07-19,East,B,96,11791.08,4
2026-07-19,East,C,72,10309.67,2
2026-07-20,North,A,139,13578.22,5
2026-07-20,North,B,105,11947.89,4
2026-07-20,North,C,74,10353.62,2
2026-07-20,South,A,122,11547.05,3
2026-07-20,South,B,91,11095.93,1
2026-07-20,South,C,78,11169.95,2
2026-07-20,East,A,130,12428.6,5
2026-07-20,East,B,92,11404.84,1
2026-07-20,East,C,76,10871.73,3
2026-07-21,North,A,135,12644.09,3
2026-07-21,North,B,111,13704.51,3
2026-07-21,North,C,90,13194.96,3
2026-07-21,South,A,107,10668.84,3
2026-07-21,South,B,100,11936.79,2
2026-07-21,South,C,78,12095.3,2
2026-07-21,East,A,108,10584.08,5
2026-07-21,East,B,99,11846.19,3
2026-07-21,East,C,71,10537.98,2
2026-07-22,North,A,132,12511.22,2
2026-07-22,North,B,112,13533.47,5
2026-07-22,North,C,77,10892.05,2
2026-07-22,South,A,131,12442.83,2
2026-07-22,South,B,104,12881.93,2
2026-07-22,South,C,78,10506.98,1
2026-07-22,East,A,115,11009.87,1
2026-07-22,East,B,81,9769.58,1
2026-07-22,East,C,62,8550.93,1
2026-07-23,North,A,120,11088.2,3
2026-07-23,North,B,106,12826.77,3
2026-07-23,North,C,85,11993.66,3
2026-07-23,South,A,128,12463.54,2
2026-07-23,South,B,92,11340.78,2
2026-07-23,South,C,78,11153.82,1
2026-07-23,East,A,100,8972.75,4
2026-07-23,East,B,92,10744.96,3
2026-07-23,East,C,68,9362.66,2
2026-07-24,North,A,128,12653.12,2
2026-07-24,North,B,100,11828.87,4
2026-07-24,North,C,92,12820.41,1
2026-07-24,South,A,123,11919.56,2
2026-07-24,South,B,101,12489.49,4
2026-07-24,South,C,80,11064.82,1
2026-07-24,East,A,107,10702.31,1
2026-07-24,East,B,86,9945.47,2
2026-07-24,East,C,74,10967.04,1
2026-07-25,North,A,140,13198.94,3
2026-07-25,North,B,109,13225.59,3
2026-07-25,North,C,82,11834.6,3
2026-07-25,South,A,113,10541.53,1
2026-07-25,South,B,94,10984.62,4
2026-07-25,South,C,78,11485.15,3
2026-07-25,East,A,123,11878.8,1
2026-07-25,East,B,89,10410.92,2
2026-07-25,East,C,69,9356.38,3
2026-07-26,North,A,138,13794.63,4
2026-07-26,North,B,102,12520.89,3
2026-07-26,North,C,101,15324.86,1
2026-07-26,South,A,132,12369.2,2
2026-07-26,South,B,90,11300.63,3
2026-07-26,South,C,78,10788.56,1
2026-07-26,East,A,106,10790.83,5
2026-07-26,East,B,88,10296.62,2
2026-07-26,East,C,65,9331.41,3
2026-07-27,North,A,136,13079.07,2
2026-07-27,North,B,117,14657.08,4
2026-07-27,North,C,87,13109.78,4
2026-07-27,South,A,125,11805.0,5
2026-07-27,South,B,92,10494.42,2
2026-07-27,South,C,76,10299.86,2
2026-07-27,East,A,105,9624.84,5
2026-07-27,East,B,91,11013.0,4
2026-07-27,East,C,70,10616.49,2
2026-07-28,North,A,129,13138.9,4
2026-07-28,North,B,106,13804.65,3
2026-07-28,North,C,78,11244.11,3
2026-07-28,South,A,113,10833.54,2
2026-07-28,South,B,90,11237.92,4
2026-07-28,South,C,69,9664.19,3
2026-07-28,East,A,98,9141.57,2
2026-07-28,East,B,90,10024.0,3
2026-07-28,East,C,69,10383.6,1
2026-07-29,North,A,143,13824.1,3
2026-07-29,North,B,87,10824.39,2
2026-07-29,North,C,92,12564.41,1
2026-07-29,South,A,108,10755.27,4
2026-07-29,South,B,107,13254.12,3
2026-07-29,South,C,70,9475.38,1
2026-07-29,East,A,111,10591.94,4
2026-07-29,East,B,89,11008.48,2
2026-07-29,East,C,66,8734.68,2
2026-07-30,North,A,125,12349.8,5
2026-07-30,North,B,107,12929.98,3
2026-07-30,North,C,92,12609.67,1
2026-07-30,South,A,96,9310.38,3
2026-07-30,South,B,98,11123.08,4
2026-07-30,South,C,80,11465.72,2
2026-07-30,East,A,97,8595.61,4
2026-07-30,East,B,81,9666.72,1
2026-07-30,East,C,68,10115.11,2
2026-07-31,North,A,123,12006.9,3
2026-07-31,North,B,99,11790.04,2
2026-07-31,North,C,79,11245.55,1
2026-07-31,South,A,120,11416.11,3
2026-07-31,South,B,96,11204.19,2
2026-07-31,South,C,79,11628.14,2
2026-07-31,East,A,121,12009.41,3
2026-07-31,East,B,101,11577.33,2
2026-07-31,East,C,79,11983.23,3
2026-08-01,North,A,109,9972.56,3
2026-08-01,North,B,76,8200.08,2
2026-08-01,North,C,78,10084.1,3
2026-08-01,South,A,123,12502.33,3
2026-08-01,South,B,102,11985.31,4
2026-08-01,South,C,86,12510.25,2
2026-08-01,East,A,103,9475.14,4
2026-08-01,East,B,78,9506.66,1
2026-08-01,East,C,73,10884.21,2
2026-08-02,North,A,110,9953.96,4
2026-08-02,North,B,78,8533.85,3
2026-08-02,North,C,74,9637.06,1
2026-08-02,South,A,114,10409.34,2
2026-08-02,South,B,112,14326.79,4
2026-08-02,South,C,74,10166.58,2
2026-08-02,East,A,98,9556.36,3
2026-08-02,East,B,78,9191.67,1
2026-08-02,East,C,74,10106.4,1
2026-08-03,North,A,106,9423.14,2
2026-08-03,North,B,75,8270.49,1
2026-08-03,North,C,73,10006.08,3
2026-08-03,South,A,115,11508.83,4
2026-08-03,South,B,97,10903.38,3
2026-08-03,South,C,75,9704.72,2
2026-08-03,East,A,103,10023.04,5
2026-08-03,East,B,93,10981.39,4
2026-08-03,East,C,75,10080.32,1
2026-08-04,North,A,116,10760.96,2
2026-08-04,North,B,66,6831.11,3
2026-08-04,North,C,68,9251.57,1
2026-08-04,South,A,114,11025.79,2
2026-08-04,South,B,103,11936.82,3
2026-08-04,South,C,83,11893.48,1
2026-08-04,East,A,126,12259.17,4
2026-08-04,East,B,84,9926.57,1
2026-08-04,East,C,66,9186.1,1
2026-08-05,North,A,110,9362.56,3
2026-08-05,North,B,68,7627.1,3
2026-08-05,North,C,64,8589.06,1
2026-08-05,South,A,124,12750.53,3
2026-08-05,South,B,105,12666.81,3
2026-08-05,South,C,75,11039.28,2
2026-08-05,East,A,104,9510.68,5
2026-08-05,East,B,81,10189.24,3
2026-08-05,East,C,66,8773.5,2
2026-08-06,North,A,115,9758.16,5
2026-08-06,North,B,79,8239.55,3
2026-08-06,North,C,77,10501.52,3
2026-08-06,South,A,107,10096.53,4
2026-08-06,South,B,88,9905.09,1
2026-08-06,South,C,73,11161.08,1
2026-08-06,East,A,112,11308.68,4
2026-08-06,East,B,86,10795.46,2
2026-08-06,East,C,63,9383.99,2
2026-08-07,North,A,105,8946.85,2
2026-08-07,North,B,79,8112.58,3
2026-08-07,North,C,63,8337.05,1
2026-08-07,South,A,116,10921.2,2
2026-08-07,South,B,95,11006.24,1
2026-08-07,South,C,82,11340.01,1
2026-08-07,East,A,97,9317.4,3
2026-08-07,East,B,86,9996.38,3
2026-08-07,East,C,81,11507.7,2
2026-08-08,North,A,102,8306.16,4
2026-08-08,North,B,75,7722.07,2
2026-08-08,North,C,63,8457.04,1
2026-08-08,South,A,125,11768.84,2
2026-08-08,South,B,102,12346.61,2
2026-08-08,South,C,78,10615.37,2
2026-08-08,East,A,112,9441.68,5
2026-08-08,East,B,80,9919.59,1
2026-08-08,East,C,75,11149.32,2
2026-08-09,North,A,104,9457.44,4
2026-08-09,North,B,74,9060.34,2
2026-08-09,North,C,71,8762.28,2
2026-08-09,South,A,128,12124.93,1
2026-08-09,South,B,77,9049.36,1
2026-08-09,South,C,81,12150.31,3
2026-08-09,East,A,111,10720.86,4
2026-08-09,East,B,75,8729.94,2
2026-08-09,East,C,69,9942.64,3
2026-08-10,North,A,95,8320.8,3
2026-08-10,North,B,76,8147.55,2
2026-08-10,North,C,67,8585.11,1
2026-08-10,South,A,110,11160.92,3
2026-08-10,South,B,99,12472.97,4
2026-08-10,South,C,80,12629.88,4
2026-08-10,East,A,93,8700.29,1
2026-08-10,East,B,91,11071.36,4
2026-08-10,East,C,65,9147.38,1
2026-08-11,North,A,110,10728.03,1
2026-08-11,North,B,82,9300.58,2
2026-08-11,North,C,71,9265.57,3
2026-08-11,South,A,92,8605.81,2
2026-08-11,South,B,82,9594.07,2
2026-08-11,South,C,76,11373.74,1
2026-08-11,East,A,115,10321.46,3
2026-08-11,East,B,75,8844.42,3
2026-08-11,East,C,78,10196.24,2
2026-08-12,North,A,97,8361.37,3
2026-08-12,North,B,78,8715.25,1
2026-08-12,North,C,70,9397.87,3
2026-08-12,South,A,102,9984.12,2
2026-08-12,South,B,104,13082.82,2
2026-08-12,South,C,77,10157.08,2
2026-08-12,East,A,108,10232.53,3
2026-08-12,East,B,75,8387.99,1
2026-08-12,East,C,63,9354.33,1
2026-08-13,North,A,116,10627.54,4
2026-08-13,North,B,80,9107.36,4
2026-08-13,North,C,64,8650.57,1
2026-08-13,South,A,116,10690.47,3
2026-08-13,South,B,95,11605.15,3
2026-08-13,South,C,72,10219.55,2
2026-08-13,East,A,107,9957.84,4
2026-08-13,East,B,100,12570.67,4
2026-08-13,East,C,70,9892.87,2
2026-08-14,North,A,99,8591.17,2
2026-08-14,North,B,71,7580.32,2
2026-08-14,North,C,58,7348.81,1
2026-08-14,South,A,125,12308.12,2
2026-08-14,South,B,88,9724.53,2
2026-08-14,South,C,71,10608.74,2
2026-08-14,East,A,112,11010.52,4
2026-08-14,East,B,87,10120.8,2
2026-08-14,East,C,59,7798.93,2
2026-08-15,North,A,116,10033.84,4
2026-08-15,North,B,63,7382.09,3
2026-08-15,North,C,61,8143.12,1
2026-08-15,South,A,122,12047.85,3
2026-08-15,South,B,94,11552.54,3
2026-08-15,South,C,82,11160.01,2
2026-08-15,East,A,108,9861.37,4
2026-08-15,East,B,78,9456.77,3
2026-08-15,East,C,71,10305.32,3
2026-08-16,North,A,95,9074.11,2
2026-08-16,North,B,90,9352.1,2
2026-08-16,North,C,60,8087.99,1
2026-08-16,South,A,119,11355.92,3
2026-08-16,South,B,123,14861.94,4
2026-08-16,South,C,70,9748.26,1
2026-08-16,East,A,118,11072.78,2
2026-08-16,East,B,94,10375.5,3
2026-08-16,East,C,73,10318.6,3
2026-08-17,North,A,107,9637.15,2
2026-08-17,North,B,72,7453.12,1
2026-08-17,North,C,70,10050.8,1
2026-08-17,South,A,106,9339.01,4
2026-08-17,South,B,102,11645.36,2
2026-08-17,South,C,72,10369.45,1
2026-08-17,East,A,108,10323.21,3
2026-08-17,East,B,95,12153.69,3
2026-08-17,East,C,72,10038.21,2
2026-08-18,North,A,99,9393.99,4
2026-08-18,North,B,74,8355.72,2
2026-08-18,North,C,60,7435.11,2
2026-08-18,South,A,117,11307.19,3
2026-08-18,South,B,84,10802.95,1
2026-08-18,South,C,73,10149.08,2
2026-08-18,East,A,97,9431.22,3
2026-08-18,East,B,87,10001.19,2
2026-08-18,East,C,66,9583.9,1
2026-08-19,North,A,104,9497.22,5
2026-08-19,North,B,85,9762.5,3
2026-08-19,North,C,69,9463.18,1
2026-08-19,South,A,122,11732.59,5
2026-08-19,South,B,84,10206.64,3
2026-08-19,South,C,76,11022.15,1
2026-08-19,East,A,93,8367.93,3
2026-08-19,East,B,84,10171.34,1
2026-08-19,East,C,60,8000.68,1
2026-08-20,North,A,107,9301.08,4
2026-08-20,North,B,69,8048.74,3
2026-08-20,North,C,68,8548.27,1
2026-08-20,South,A,116,10874.89,4
2026-08-20,South,B,90,10709.39,4
2026-08-20,South,C,75,10126.57,2
2026-08-20,East,A,105,9826.62,3
2026-08-20,East,B,85,10183.41,4
2026-08-20,East,C,73,10562.59,1
2026-08-21,North,A,96,8189.52,3
2026-08-21,North,B,77,8349.21,3
2026-08-21,North,C,57,7523.89,1
2026-08-21,South,A,112,11234.19,3
2026-08-21,South,B,89,10935.32,2
2026-08-21,South,C,88,12851.3,2
2026-08-21,East,A,94,9619.42,4
2026-08-21,East,B,86,9952.72,4
2026-08-21,East,C,70,9482.49,1
2026-08-22,North,A,95,8491.87,3
2026-08-22,North,B,71,8321.41,2
2026-08-22,North,C,64,8754.62,1
2026-08-22,South,A,121,11667.52,4
2026-08-22,South,B,81,8895.49,2
2026-08-22,South,C,69,9485.4,2
2026-08-22,East,A,109,9875.74,3
2026-08-22,East,B,86,10939.79,4
2026-08-22,East,C,70,9711.19,3
2026-08-23,North,A,95,8237.05,3
2026-08-23,North,B,75,8841.04,3
2026-08-23,North,C,76,11107.98,1
2026-08-23,South,A,110,10802.8,2
2026-08-23,South,B,102,12387.66,4
2026-08-23,South,C,69,10056.3,2
2026-08-23,East,A,103,9160.04,4
2026-08-23,East,B,81,9151.23,2
2026-08-23,East,C,53,8285.51,1
2026-08-24,North,A,100,8931.98,3
2026-08-24,North,B,70,7617.18,3
2026-08-24,North,C,62,8085.84,2
2026-08-24,South,A,106,10882.28,2
2026-08-24,South,B,97,11580.41,1
2026-08-24,South,C,83,12048.81,2
2026-08-24,East,A,94,9024.25,1
2026-08-24,East,B,93,11720.95,3
2026-08-24,East,C,62,8459.13,2
2026-08-25,North,A,96,9047.05,4
2026-08-25,North,B,78,9119.13,3
2026-08-25,North,C,65,9005.96,2
2026-08-25,South,A,111,11427.74,4
2026-08-25,South,B,96,11034.48,3
2026-08-25,South,C,75,11060.04,3
2026-08-25,East,A,109,10966.45,5
2026-08-25,East,B,84,9755.14,2
2026-08-25,East,C,66,9962.14,2
2026-08-26,North,A,99,8698.91,1
2026-08-26,North,B,75,8239.02,2
2026-08-26,North,C,69,9010.94,1
2026-08-26,South,A,123,11954.85,5
2026-08-26,South,B,100,11805.02,2
2026-08-26,South,C,77,10696.46,2
2026-08-26,East,A,98,9830.87,4
2026-08-26,East,B,75,8716.76,3
2026-08-26,East,C,58,8283.3,1
2026-08-27,North,A,92,8435.88,3
2026-08-27,North,B,75,8335.83,3
2026-08-27,North,C,65,8687.65,3
2026-08-27,South,A,98,9623.25,2
2026-08-27,South,B,91,10655.58,2
2026-08-27,South,C,71,10371.17,2
2026-08-27,East,A,102,10066.36,1
2026-08-27,East,B,79,9766.24,2
2026-08-27,East,C,73,10595.07,1
2026-08-28,North,A,92,7988.33,1
2026-08-28,North,B,71,7771.03,1
2026-08-28,North,C,58,7964.19,1
2026-08-28,South,A,117,10457.47,4
2026-08-28,South,B,90,10220.66,2
2026-08-28,South,C,71,10901.88,2
2026-08-28,East,A,99,9454.59,2
2026-08-28,East,B,86,10567.76,3
2026-08-28,East,C,65,9340.38,2
